{
  "frames": {
    "lensDrops_00016": {
      "frame": {
        "x": 0,
        "y": 0,
        "w": 452,
        "h": 447
      },
      "rotated": false,
      "trimmed": true,
      "spriteSourceSize": {
        "x": 22,
        "y": 8,
        "w": 452,
        "h": 447
      },
      "sourceSize": {
        "w": 500,
        "h": 484
      }
    },
    "lensDrops_00021": {
      "frame": {
        "x": 452,
        "y": 0,
        "w": 452,
        "h": 447
      },
      "rotated": false,
      "trimmed": true,
      "spriteSourceSize": {
        "x": 22,
        "y": 10,
        "w": 452,
        "h": 447
      },
      "sourceSize": {
        "w": 500,
        "h": 484
      }
    },
    "lensDrops_00032": {
      "frame": {
        "x": 904,
        "y": 0,
        "w": 452,
        "h": 445
      },
      "rotated": false,
      "trimmed": true,
      "spriteSourceSize": {
        "x": 22,
        "y": 14,
        "w": 452,
        "h": 445
      },
      "sourceSize": {
        "w": 500,
        "h": 484
      }
    },
    "lensDrops_00014": {
      "frame": {
        "x": 1356,
        "y": 0,
        "w": 451,
        "h": 447
      },
      "rotated": false,
      "trimmed": true,
      "spriteSourceSize": {
        "x": 23,
        "y": 7,
        "w": 451,
        "h": 447
      },
      "sourceSize": {
        "w": 500,
        "h": 484
      }
    },
    "lensDrops_00025": {
      "frame": {
        "x": 904,
        "y": 445,
        "w": 450,
        "h": 449
      },
      "rotated": false,
      "trimmed": true,
      "spriteSourceSize": {
        "x": 23,
        "y": 13,
        "w": 450,
        "h": 449
      },
      "sourceSize": {
        "w": 500,
        "h": 484
      }
    },
    "lensDrops_00029": {
      "frame": {
        "x": 1354,
        "y": 447,
        "w": 449,
        "h": 443
      },
      "rotated": false,
      "trimmed": true,
      "spriteSourceSize": {
        "x": 24,
        "y": 12,
        "w": 449,
        "h": 443
      },
      "sourceSize": {
        "w": 500,
        "h": 484
      }
    },
    "lensDrops_00012": {
      "frame": {
        "x": 1354,
        "y": 890,
        "w": 445,
        "h": 446
      },
      "rotated": true,
      "trimmed": true,
      "spriteSourceSize": {
        "x": 29,
        "y": 7,
        "w": 445,
        "h": 446
      },
      "sourceSize": {
        "w": 500,
        "h": 484
      }
    },
    "lensDrops_00013": {
      "frame": {
        "x": 0,
        "y": 1335,
        "w": 445,
        "h": 446
      },
      "rotated": false,
      "trimmed": true,
      "spriteSourceSize": {
        "x": 29,
        "y": 7,
        "w": 445,
        "h": 446
      },
      "sourceSize": {
        "w": 500,
        "h": 484
      }
    },
    "lensDrops_00011": {
      "frame": {
        "x": 445,
        "y": 447,
        "w": 445,
        "h": 416
      },
      "rotated": false,
      "trimmed": true,
      "spriteSourceSize": {
        "x": 29,
        "y": 37,
        "w": 445,
        "h": 416
      },
      "sourceSize": {
        "w": 500,
        "h": 484
      }
    },
    "lensDrops_00009": {
      "frame": {
        "x": 0,
        "y": 447,
        "w": 444,
        "h": 415
      },
      "rotated": false,
      "trimmed": true,
      "spriteSourceSize": {
        "x": 30,
        "y": 37,
        "w": 444,
        "h": 415
      },
      "sourceSize": {
        "w": 500,
        "h": 484
      }
    },
    "lensDrops_00010": {
      "frame": {
        "x": 0,
        "y": 862,
        "w": 444,
        "h": 415
      },
      "rotated": false,
      "trimmed": true,
      "spriteSourceSize": {
        "x": 30,
        "y": 37,
        "w": 444,
        "h": 415
      },
      "sourceSize": {
        "w": 500,
        "h": 484
      }
    },
    "lensDrops_00008": {
      "frame": {
        "x": 445,
        "y": 863,
        "w": 444,
        "h": 414
      },
      "rotated": false,
      "trimmed": true,
      "spriteSourceSize": {
        "x": 30,
        "y": 37,
        "w": 444,
        "h": 414
      },
      "sourceSize": {
        "w": 500,
        "h": 484
      }
    },
    "lensDrops_00006": {
      "frame": {
        "x": 889,
        "y": 894,
        "w": 443,
        "h": 414
      },
      "rotated": false,
      "trimmed": true,
      "spriteSourceSize": {
        "x": 31,
        "y": 37,
        "w": 443,
        "h": 414
      },
      "sourceSize": {
        "w": 500,
        "h": 484
      }
    },
    "lensDrops_00007": {
      "frame": {
        "x": 445,
        "y": 1277,
        "w": 443,
        "h": 414
      },
      "rotated": false,
      "trimmed": true,
      "spriteSourceSize": {
        "x": 31,
        "y": 37,
        "w": 443,
        "h": 414
      },
      "sourceSize": {
        "w": 500,
        "h": 484
      }
    },
    "lensDrops_00005": {
      "frame": {
        "x": 888,
        "y": 1308,
        "w": 443,
        "h": 379
      },
      "rotated": false,
      "trimmed": true,
      "spriteSourceSize": {
        "x": 31,
        "y": 72,
        "w": 443,
        "h": 379
      },
      "sourceSize": {
        "w": 500,
        "h": 484
      }
    }
  },
  "meta": {
    "app": "PixiAnimate",
    "scale": 1,
    "image": "main_core_90_100_atlas_2.png?c=7c9ca313c6",
    "size": {
      "w": 2048,
      "h": 2048
    }
  }
}