{
  "frames": {
    "characterActivation_0014": {
      "frame": {
        "x": 0,
        "y": 0,
        "w": 262,
        "h": 268
      },
      "rotated": false,
      "trimmed": true,
      "spriteSourceSize": {
        "x": 47,
        "y": 54,
        "w": 262,
        "h": 268
      },
      "sourceSize": {
        "w": 350,
        "h": 350
      }
    },
    "characterPulling_0012": {
      "frame": {
        "x": 0,
        "y": 268,
        "w": 254,
        "h": 268
      },
      "rotated": false,
      "trimmed": true,
      "spriteSourceSize": {
        "x": 9,
        "y": 54,
        "w": 254,
        "h": 268
      },
      "sourceSize": {
        "w": 350,
        "h": 350
      }
    },
    "characterIdle_0008": {
      "frame": {
        "x": 0,
        "y": 536,
        "w": 268,
        "h": 245
      },
      "rotated": true,
      "trimmed": true,
      "spriteSourceSize": {
        "x": 24,
        "y": 85,
        "w": 268,
        "h": 245
      },
      "sourceSize": {
        "w": 350,
        "h": 350
      }
    },
    "characterIdle_0001": {
      "frame": {
        "x": 0,
        "y": 804,
        "w": 268,
        "h": 242
      },
      "rotated": true,
      "trimmed": true,
      "spriteSourceSize": {
        "x": 25,
        "y": 89,
        "w": 268,
        "h": 242
      },
      "sourceSize": {
        "w": 350,
        "h": 350
      }
    },
    "characterPulling_0014": {
      "frame": {
        "x": 0,
        "y": 1072,
        "w": 268,
        "h": 234
      },
      "rotated": true,
      "trimmed": true,
      "spriteSourceSize": {
        "x": 29,
        "y": 95,
        "w": 268,
        "h": 234
      },
      "sourceSize": {
        "w": 350,
        "h": 350
      }
    },
    "characterPullingNoWin_0002": {
      "frame": {
        "x": 0,
        "y": 1340,
        "w": 268,
        "h": 224
      },
      "rotated": true,
      "trimmed": true,
      "spriteSourceSize": {
        "x": 24,
        "y": 97,
        "w": 268,
        "h": 224
      },
      "sourceSize": {
        "w": 350,
        "h": 350
      }
    },
    "characterPullingWin_0028": {
      "frame": {
        "x": 0,
        "y": 1608,
        "w": 244,
        "h": 267
      },
      "rotated": false,
      "trimmed": true,
      "spriteSourceSize": {
        "x": 48,
        "y": 55,
        "w": 244,
        "h": 267
      },
      "sourceSize": {
        "w": 370,
        "h": 350
      }
    },
    "characterIdle_0000": {
      "frame": {
        "x": 224,
        "y": 1340,
        "w": 266,
        "h": 242
      },
      "rotated": true,
      "trimmed": true,
      "spriteSourceSize": {
        "x": 25,
        "y": 89,
        "w": 266,
        "h": 242
      },
      "sourceSize": {
        "w": 350,
        "h": 350
      }
    },
    "characterPullingNoWin_0012": {
      "frame": {
        "x": 234,
        "y": 1072,
        "w": 266,
        "h": 230
      },
      "rotated": true,
      "trimmed": true,
      "spriteSourceSize": {
        "x": 29,
        "y": 92,
        "w": 266,
        "h": 230
      },
      "sourceSize": {
        "w": 350,
        "h": 350
      }
    },
    "characterIdle_0014": {
      "frame": {
        "x": 242,
        "y": 804,
        "w": 265,
        "h": 243
      },
      "rotated": true,
      "trimmed": true,
      "spriteSourceSize": {
        "x": 25,
        "y": 89,
        "w": 265,
        "h": 243
      },
      "sourceSize": {
        "w": 350,
        "h": 350
      }
    },
    "characterIdleActive_0004": {
      "frame": {
        "x": 245,
        "y": 536,
        "w": 265,
        "h": 240
      },
      "rotated": true,
      "trimmed": true,
      "spriteSourceSize": {
        "x": 20,
        "y": 82,
        "w": 265,
        "h": 240
      },
      "sourceSize": {
        "w": 350,
        "h": 350
      }
    },
    "characterPullingWin_0026": {
      "frame": {
        "x": 254,
        "y": 268,
        "w": 264,
        "h": 263
      },
      "rotated": true,
      "trimmed": true,
      "spriteSourceSize": {
        "x": 57,
        "y": 57,
        "w": 264,
        "h": 263
      },
      "sourceSize": {
        "w": 370,
        "h": 350
      }
    },
    "characterIdle_0009": {
      "frame": {
        "x": 262,
        "y": 0,
        "w": 264,
        "h": 245
      },
      "rotated": true,
      "trimmed": true,
      "spriteSourceSize": {
        "x": 25,
        "y": 85,
        "w": 264,
        "h": 245
      },
      "sourceSize": {
        "w": 350,
        "h": 350
      }
    },
    "characterIdle_0013": {
      "frame": {
        "x": 507,
        "y": 0,
        "w": 264,
        "h": 244
      },
      "rotated": true,
      "trimmed": true,
      "spriteSourceSize": {
        "x": 25,
        "y": 88,
        "w": 264,
        "h": 244
      },
      "sourceSize": {
        "w": 350,
        "h": 350
      }
    },
    "characterIdleActive_0009": {
      "frame": {
        "x": 464,
        "y": 1069,
        "w": 264,
        "h": 240
      },
      "rotated": true,
      "trimmed": true,
      "spriteSourceSize": {
        "x": 25,
        "y": 82,
        "w": 264,
        "h": 240
      },
      "sourceSize": {
        "w": 350,
        "h": 350
      }
    },
    "characterIdleActive_0010": {
      "frame": {
        "x": 244,
        "y": 1606,
        "w": 264,
        "h": 239
      },
      "rotated": true,
      "trimmed": true,
      "spriteSourceSize": {
        "x": 25,
        "y": 83,
        "w": 264,
        "h": 239
      },
      "sourceSize": {
        "w": 350,
        "h": 350
      }
    },
    "characterIdleActive_0011": {
      "frame": {
        "x": 466,
        "y": 1333,
        "w": 264,
        "h": 239
      },
      "rotated": true,
      "trimmed": true,
      "spriteSourceSize": {
        "x": 24,
        "y": 84,
        "w": 264,
        "h": 239
      },
      "sourceSize": {
        "w": 350,
        "h": 350
      }
    },
    "characterPullingNoWin_0014": {
      "frame": {
        "x": 483,
        "y": 1597,
        "w": 264,
        "h": 237
      },
      "rotated": true,
      "trimmed": true,
      "spriteSourceSize": {
        "x": 28,
        "y": 91,
        "w": 264,
        "h": 237
      },
      "sourceSize": {
        "w": 350,
        "h": 350
      }
    },
    "characterPulling_0001": {
      "frame": {
        "x": 485,
        "y": 532,
        "w": 264,
        "h": 232
      },
      "rotated": true,
      "trimmed": true,
      "spriteSourceSize": {
        "x": 24,
        "y": 93,
        "w": 264,
        "h": 232
      },
      "sourceSize": {
        "w": 350,
        "h": 350
      }
    },
    "characterActivation_0015": {
      "frame": {
        "x": 517,
        "y": 264,
        "w": 263,
        "h": 255
      },
      "rotated": true,
      "trimmed": true,
      "spriteSourceSize": {
        "x": 47,
        "y": 68,
        "w": 263,
        "h": 255
      },
      "sourceSize": {
        "w": 350,
        "h": 350
      }
    },
    "characterPullingNoWin_0001": {
      "frame": {
        "x": 751,
        "y": 0,
        "w": 263,
        "h": 233
      },
      "rotated": true,
      "trimmed": true,
      "spriteSourceSize": {
        "x": 24,
        "y": 92,
        "w": 263,
        "h": 233
      },
      "sourceSize": {
        "w": 350,
        "h": 350
      }
    },
    "characterIdle_0011": {
      "frame": {
        "x": 485,
        "y": 796,
        "w": 262,
        "h": 246
      },
      "rotated": true,
      "trimmed": true,
      "spriteSourceSize": {
        "x": 25,
        "y": 86,
        "w": 262,
        "h": 246
      },
      "sourceSize": {
        "w": 350,
        "h": 350
      }
    },
    "characterIdle_0010": {
      "frame": {
        "x": 717,
        "y": 527,
        "w": 262,
        "h": 245
      },
      "rotated": true,
      "trimmed": true,
      "spriteSourceSize": {
        "x": 25,
        "y": 86,
        "w": 262,
        "h": 245
      },
      "sourceSize": {
        "w": 350,
        "h": 350
      }
    },
    "characterIdle_0012": {
      "frame": {
        "x": 772,
        "y": 263,
        "w": 262,
        "h": 245
      },
      "rotated": true,
      "trimmed": true,
      "spriteSourceSize": {
        "x": 25,
        "y": 87,
        "w": 262,
        "h": 245
      },
      "sourceSize": {
        "w": 350,
        "h": 350
      }
    },
    "characterIdleActive_0008": {
      "frame": {
        "x": 984,
        "y": 0,
        "w": 262,
        "h": 240
      },
      "rotated": true,
      "trimmed": true,
      "spriteSourceSize": {
        "x": 26,
        "y": 81,
        "w": 262,
        "h": 240
      },
      "sourceSize": {
        "w": 350,
        "h": 350
      }
    },
    "characterIdleActive_0012": {
      "frame": {
        "x": 704,
        "y": 1058,
        "w": 262,
        "h": 239
      },
      "rotated": true,
      "trimmed": true,
      "spriteSourceSize": {
        "x": 24,
        "y": 87,
        "w": 262,
        "h": 239
      },
      "sourceSize": {
        "w": 350,
        "h": 350
      }
    },
    "characterPullingWin_0005": {
      "frame": {
        "x": 731,
        "y": 789,
        "w": 247,
        "h": 261
      },
      "rotated": false,
      "trimmed": true,
      "spriteSourceSize": {
        "x": 39,
        "y": 60,
        "w": 247,
        "h": 261
      },
      "sourceSize": {
        "w": 370,
        "h": 350
      }
    },
    "characterIdleActive_0007": {
      "frame": {
        "x": 962,
        "y": 525,
        "w": 261,
        "h": 240
      },
      "rotated": true,
      "trimmed": true,
      "spriteSourceSize": {
        "x": 27,
        "y": 81,
        "w": 261,
        "h": 240
      },
      "sourceSize": {
        "w": 350,
        "h": 350
      }
    },
    "characterPullingWin_0032": {
      "frame": {
        "x": 1017,
        "y": 262,
        "w": 261,
        "h": 239
      },
      "rotated": true,
      "trimmed": true,
      "spriteSourceSize": {
        "x": 48,
        "y": 88,
        "w": 261,
        "h": 239
      },
      "sourceSize": {
        "w": 370,
        "h": 350
      }
    },
    "characterPulling_0003": {
      "frame": {
        "x": 1224,
        "y": 0,
        "w": 261,
        "h": 236
      },
      "rotated": true,
      "trimmed": true,
      "spriteSourceSize": {
        "x": 30,
        "y": 85,
        "w": 261,
        "h": 236
      },
      "sourceSize": {
        "w": 350,
        "h": 350
      }
    },
    "characterIdleActive_0006": {
      "frame": {
        "x": 705,
        "y": 1320,
        "w": 260,
        "h": 240
      },
      "rotated": true,
      "trimmed": true,
      "spriteSourceSize": {
        "x": 27,
        "y": 81,
        "w": 260,
        "h": 240
      },
      "sourceSize": {
        "w": 350,
        "h": 350
      }
    },
    "characterIdleActive_0013": {
      "frame": {
        "x": 943,
        "y": 1050,
        "w": 260,
        "h": 240
      },
      "rotated": true,
      "trimmed": true,
      "spriteSourceSize": {
        "x": 25,
        "y": 89,
        "w": 260,
        "h": 240
      },
      "sourceSize": {
        "w": 350,
        "h": 350
      }
    },
    "characterPullingWin_0033": {
      "frame": {
        "x": 978,
        "y": 786,
        "w": 260,
        "h": 239
      },
      "rotated": true,
      "trimmed": true,
      "spriteSourceSize": {
        "x": 47,
        "y": 89,
        "w": 260,
        "h": 239
      },
      "sourceSize": {
        "w": 370,
        "h": 350
      }
    },
    "characterPullingNoWin_0003": {
      "frame": {
        "x": 1202,
        "y": 523,
        "w": 260,
        "h": 237
      },
      "rotated": true,
      "trimmed": true,
      "spriteSourceSize": {
        "x": 29,
        "y": 84,
        "w": 260,
        "h": 237
      },
      "sourceSize": {
        "w": 350,
        "h": 350
      }
    },
    "characterIdleActive_0005": {
      "frame": {
        "x": 1256,
        "y": 261,
        "w": 259,
        "h": 240
      },
      "rotated": true,
      "trimmed": true,
      "spriteSourceSize": {
        "x": 27,
        "y": 81,
        "w": 259,
        "h": 240
      },
      "sourceSize": {
        "w": 350,
        "h": 350
      }
    },
    "characterPullingWin_0034": {
      "frame": {
        "x": 1460,
        "y": 0,
        "w": 259,
        "h": 240
      },
      "rotated": true,
      "trimmed": true,
      "spriteSourceSize": {
        "x": 46,
        "y": 89,
        "w": 259,
        "h": 240
      },
      "sourceSize": {
        "w": 370,
        "h": 350
      }
    },
    "characterPullingWin_0031": {
      "frame": {
        "x": 1700,
        "y": 0,
        "w": 259,
        "h": 239
      },
      "rotated": false,
      "trimmed": true,
      "spriteSourceSize": {
        "x": 49,
        "y": 86,
        "w": 259,
        "h": 239
      },
      "sourceSize": {
        "w": 370,
        "h": 350
      }
    },
    "characterPullingWin_0004": {
      "frame": {
        "x": 1700,
        "y": 239,
        "w": 259,
        "h": 231
      },
      "rotated": false,
      "trimmed": true,
      "spriteSourceSize": {
        "x": 40,
        "y": 99,
        "w": 259,
        "h": 231
      },
      "sourceSize": {
        "w": 370,
        "h": 350
      }
    },
    "winFrame": {
      "frame": {
        "x": 720,
        "y": 1580,
        "w": 258,
        "h": 242
      },
      "rotated": true,
      "trimmed": true,
      "spriteSourceSize": {
        "x": -2,
        "y": -2,
        "w": 258,
        "h": 242
      },
      "sourceSize": {
        "w": 254,
        "h": 238
      }
    },
    "characterIdleActive_0003": {
      "frame": {
        "x": 945,
        "y": 1310,
        "w": 258,
        "h": 241
      },
      "rotated": true,
      "trimmed": true,
      "spriteSourceSize": {
        "x": 26,
        "y": 83,
        "w": 258,
        "h": 241
      },
      "sourceSize": {
        "w": 350,
        "h": 350
      }
    },
    "characterIdleActive_0014": {
      "frame": {
        "x": 1183,
        "y": 1046,
        "w": 258,
        "h": 241
      },
      "rotated": true,
      "trimmed": true,
      "spriteSourceSize": {
        "x": 25,
        "y": 90,
        "w": 258,
        "h": 241
      },
      "sourceSize": {
        "w": 350,
        "h": 350
      }
    },
    "characterPullingWin_0035": {
      "frame": {
        "x": 1217,
        "y": 783,
        "w": 258,
        "h": 241
      },
      "rotated": true,
      "trimmed": true,
      "spriteSourceSize": {
        "x": 45,
        "y": 89,
        "w": 258,
        "h": 241
      },
      "sourceSize": {
        "w": 370,
        "h": 350
      }
    },
    "characterActivation_0000": {
      "frame": {
        "x": 1439,
        "y": 520,
        "w": 257,
        "h": 242
      },
      "rotated": true,
      "trimmed": true,
      "spriteSourceSize": {
        "x": 25,
        "y": 89,
        "w": 257,
        "h": 242
      },
      "sourceSize": {
        "w": 350,
        "h": 350
      }
    },
    "characterActivation_0022": {
      "frame": {
        "x": 1681,
        "y": 470,
        "w": 257,
        "h": 242
      },
      "rotated": false,
      "trimmed": true,
      "spriteSourceSize": {
        "x": 25,
        "y": 89,
        "w": 257,
        "h": 242
      },
      "sourceSize": {
        "w": 350,
        "h": 350
      }
    },
    "characterActivation_0023": {
      "frame": {
        "x": 1681,
        "y": 712,
        "w": 257,
        "h": 242
      },
      "rotated": false,
      "trimmed": true,
      "spriteSourceSize": {
        "x": 25,
        "y": 89,
        "w": 257,
        "h": 242
      },
      "sourceSize": {
        "w": 350,
        "h": 350
      }
    },
    "characterPullingNoWin_0000": {
      "frame": {
        "x": 962,
        "y": 1568,
        "w": 257,
        "h": 242
      },
      "rotated": true,
      "trimmed": true,
      "spriteSourceSize": {
        "x": 25,
        "y": 89,
        "w": 257,
        "h": 242
      },
      "sourceSize": {
        "w": 350,
        "h": 350
      }
    },
    "characterPullingWin_0000": {
      "frame": {
        "x": 1186,
        "y": 1304,
        "w": 257,
        "h": 242
      },
      "rotated": true,
      "trimmed": true,
      "spriteSourceSize": {
        "x": 45,
        "y": 89,
        "w": 257,
        "h": 242
      },
      "sourceSize": {
        "w": 370,
        "h": 350
      }
    },
    "characterPulling_0000": {
      "frame": {
        "x": 1424,
        "y": 1041,
        "w": 257,
        "h": 242
      },
      "rotated": true,
      "trimmed": true,
      "spriteSourceSize": {
        "x": 25,
        "y": 89,
        "w": 257,
        "h": 242
      },
      "sourceSize": {
        "w": 350,
        "h": 350
      }
    },
    "characterActivation_0001": {
      "frame": {
        "x": 1666,
        "y": 954,
        "w": 257,
        "h": 240
      },
      "rotated": false,
      "trimmed": true,
      "spriteSourceSize": {
        "x": 26,
        "y": 104,
        "w": 257,
        "h": 240
      },
      "sourceSize": {
        "w": 350,
        "h": 350
      }
    },
    "characterPullingWin_0029": {
      "frame": {
        "x": 1666,
        "y": 1194,
        "w": 246,
        "h": 256
      },
      "rotated": true,
      "trimmed": true,
      "spriteSourceSize": {
        "x": 48,
        "y": 66,
        "w": 246,
        "h": 256
      },
      "sourceSize": {
        "w": 370,
        "h": 350
      }
    },
    "characterPulling_0005": {
      "frame": {
        "x": 1204,
        "y": 1561,
        "w": 242,
        "h": 256
      },
      "rotated": false,
      "trimmed": true,
      "spriteSourceSize": {
        "x": 23,
        "y": 64,
        "w": 242,
        "h": 256
      },
      "sourceSize": {
        "w": 350,
        "h": 350
      }
    },
    "characterPullingNoWin_0011": {
      "frame": {
        "x": 1428,
        "y": 1298,
        "w": 256,
        "h": 238
      },
      "rotated": true,
      "trimmed": true,
      "spriteSourceSize": {
        "x": 30,
        "y": 83,
        "w": 256,
        "h": 238
      },
      "sourceSize": {
        "w": 350,
        "h": 350
      }
    },
    "coin_0020": {
      "frame": {
        "x": 1666,
        "y": 1440,
        "w": 254,
        "h": 254
      },
      "rotated": false,
      "trimmed": true,
      "spriteSourceSize": {
        "x": -2,
        "y": -2,
        "w": 254,
        "h": 254
      },
      "sourceSize": {
        "w": 250,
        "h": 250
      }
    },
    "coin_0021": {
      "frame": {
        "x": 1446,
        "y": 1694,
        "w": 254,
        "h": 254
      },
      "rotated": false,
      "trimmed": true,
      "spriteSourceSize": {
        "x": -2,
        "y": -2,
        "w": 254,
        "h": 254
      },
      "sourceSize": {
        "w": 250,
        "h": 250
      }
    },
    "characterPullingWin_0030": {
      "frame": {
        "x": 1700,
        "y": 1694,
        "w": 253,
        "h": 242
      },
      "rotated": false,
      "trimmed": true,
      "spriteSourceSize": {
        "x": 50,
        "y": 80,
        "w": 253,
        "h": 242
      },
      "sourceSize": {
        "w": 370,
        "h": 350
      }
    },
    "coin_0008": {
      "frame": {
        "x": 962,
        "y": 1825,
        "w": 246,
        "h": 218
      },
      "rotated": false,
      "trimmed": true,
      "spriteSourceSize": {
        "x": -2,
        "y": -2,
        "w": 246,
        "h": 218
      },
      "sourceSize": {
        "w": 250,
        "h": 250
      }
    },
    "coin_0003": {
      "frame": {
        "x": 1458,
        "y": 777,
        "w": 244,
        "h": 205
      },
      "rotated": true,
      "trimmed": true,
      "spriteSourceSize": {
        "x": -1,
        "y": 30,
        "w": 244,
        "h": 205
      },
      "sourceSize": {
        "w": 250,
        "h": 250
      }
    },
    "coin_0015": {
      "frame": {
        "x": 483,
        "y": 1861,
        "w": 177,
        "h": 244
      },
      "rotated": true,
      "trimmed": true,
      "spriteSourceSize": {
        "x": 21,
        "y": -2,
        "w": 177,
        "h": 244
      },
      "sourceSize": {
        "w": 250,
        "h": 250
      }
    },
    "coin_0005": {
      "frame": {
        "x": 1496,
        "y": 259,
        "w": 242,
        "h": 181
      },
      "rotated": true,
      "trimmed": true,
      "spriteSourceSize": {
        "x": 0,
        "y": 37,
        "w": 242,
        "h": 181
      },
      "sourceSize": {
        "w": 250,
        "h": 250
      }
    },
    "coin_0022": {
      "frame": {
        "x": 1208,
        "y": 1817,
        "w": 202,
        "h": 237
      },
      "rotated": true,
      "trimmed": true,
      "spriteSourceSize": {
        "x": 26,
        "y": 1,
        "w": 202,
        "h": 237
      },
      "sourceSize": {
        "w": 250,
        "h": 250
      }
    },
    "coin_0007": {
      "frame": {
        "x": 727,
        "y": 1838,
        "w": 235,
        "h": 176
      },
      "rotated": false,
      "trimmed": true,
      "spriteSourceSize": {
        "x": 1,
        "y": 25,
        "w": 235,
        "h": 176
      },
      "sourceSize": {
        "w": 250,
        "h": 250
      }
    },
    "barPlate": {
      "frame": {
        "x": 244,
        "y": 1870,
        "w": 223,
        "h": 143
      },
      "rotated": false,
      "trimmed": true,
      "spriteSourceSize": {
        "x": -2,
        "y": -2,
        "w": 223,
        "h": 143
      },
      "sourceSize": {
        "w": 219,
        "h": 139
      }
    },
    "barPlateInactive": {
      "frame": {
        "x": 0,
        "y": 1875,
        "w": 223,
        "h": 143
      },
      "rotated": false,
      "trimmed": true,
      "spriteSourceSize": {
        "x": -2,
        "y": -2,
        "w": 223,
        "h": 143
      },
      "sourceSize": {
        "w": 219,
        "h": 139
      }
    },
    "tile14TrophyShine207": {
      "frame": {
        "x": 1446,
        "y": 1554,
        "w": 126,
        "h": 219
      },
      "rotated": true,
      "trimmed": true,
      "spriteSourceSize": {
        "x": 91,
        "y": 5,
        "w": 126,
        "h": 219
      },
      "sourceSize": {
        "w": 230,
        "h": 222
      }
    },
    "tile14TrophyShine208": {
      "frame": {
        "x": 1938,
        "y": 470,
        "w": 98,
        "h": 203
      },
      "rotated": false,
      "trimmed": true,
      "spriteSourceSize": {
        "x": 128,
        "y": 21,
        "w": 98,
        "h": 203
      },
      "sourceSize": {
        "w": 230,
        "h": 222
      }
    },
    "characterIdlePullingNoWinRodeline_0009": {
      "frame": {
        "x": 1959,
        "y": 0,
        "w": 47,
        "h": 187
      },
      "rotated": false,
      "trimmed": true,
      "spriteSourceSize": {
        "x": 225,
        "y": 80,
        "w": 47,
        "h": 187
      },
      "sourceSize": {
        "w": 350,
        "h": 350
      }
    },
    "characterActiveRodeline_0011": {
      "frame": {
        "x": 1959,
        "y": 187,
        "w": 49,
        "h": 186
      },
      "rotated": false,
      "trimmed": true,
      "spriteSourceSize": {
        "x": 201,
        "y": 51,
        "w": 49,
        "h": 186
      },
      "sourceSize": {
        "w": 350,
        "h": 350
      }
    },
    "characterActiveRodeline_0012": {
      "frame": {
        "x": 1953,
        "y": 673,
        "w": 52,
        "h": 183
      },
      "rotated": false,
      "trimmed": true,
      "spriteSourceSize": {
        "x": 183,
        "y": 41,
        "w": 52,
        "h": 183
      },
      "sourceSize": {
        "w": 350,
        "h": 350
      }
    },
    "characterIdlePullingNoWinRodeline_0012": {
      "frame": {
        "x": 1953,
        "y": 856,
        "w": 51,
        "h": 183
      },
      "rotated": false,
      "trimmed": true,
      "spriteSourceSize": {
        "x": 240,
        "y": 104,
        "w": 51,
        "h": 183
      },
      "sourceSize": {
        "w": 350,
        "h": 350
      }
    },
    "splashMultiHook": {
      "frame": {
        "x": 1923,
        "y": 1039,
        "w": 118,
        "h": 182
      },
      "rotated": false,
      "trimmed": true,
      "spriteSourceSize": {
        "x": -2,
        "y": -2,
        "w": 118,
        "h": 182
      },
      "sourceSize": {
        "w": 114,
        "h": 178
      }
    },
    "barPlateWave4": {
      "frame": {
        "x": 1445,
        "y": 1948,
        "w": 181,
        "h": 93
      },
      "rotated": false,
      "trimmed": true,
      "spriteSourceSize": {
        "x": -2,
        "y": -2,
        "w": 181,
        "h": 93
      },
      "sourceSize": {
        "w": 177,
        "h": 89
      }
    },
    "characterActiveRodeline_0002": {
      "frame": {
        "x": 1953,
        "y": 1221,
        "w": 58,
        "h": 179
      },
      "rotated": false,
      "trimmed": true,
      "spriteSourceSize": {
        "x": 240,
        "y": 120,
        "w": 58,
        "h": 179
      },
      "sourceSize": {
        "w": 350,
        "h": 350
      }
    },
    "barPlateDown": {
      "frame": {
        "x": 1700,
        "y": 1936,
        "w": 178,
        "h": 104
      },
      "rotated": false,
      "trimmed": true,
      "spriteSourceSize": {
        "x": -2,
        "y": -2,
        "w": 178,
        "h": 104
      },
      "sourceSize": {
        "w": 174,
        "h": 100
      }
    },
    "barPlateDownInactive": {
      "frame": {
        "x": 1922,
        "y": 1400,
        "w": 178,
        "h": 104
      },
      "rotated": true,
      "trimmed": true,
      "spriteSourceSize": {
        "x": -2,
        "y": -2,
        "w": 178,
        "h": 104
      },
      "sourceSize": {
        "w": 174,
        "h": 100
      }
    },
    "bubbles_00014": {
      "frame": {
        "x": 1878,
        "y": 1936,
        "w": 165,
        "h": 99
      },
      "rotated": false,
      "trimmed": true,
      "spriteSourceSize": {
        "x": 4,
        "y": 64,
        "w": 165,
        "h": 99
      },
      "sourceSize": {
        "w": 180,
        "h": 168
      }
    },
    "bubbles_00035": {
      "frame": {
        "x": 1953,
        "y": 1578,
        "w": 159,
        "h": 80
      },
      "rotated": true,
      "trimmed": true,
      "spriteSourceSize": {
        "x": 16,
        "y": 24,
        "w": 159,
        "h": 80
      },
      "sourceSize": {
        "w": 180,
        "h": 168
      }
    },
    "bubbles_00012": {
      "frame": {
        "x": 1953,
        "y": 1737,
        "w": 157,
        "h": 89
      },
      "rotated": true,
      "trimmed": true,
      "spriteSourceSize": {
        "x": 7,
        "y": 77,
        "w": 157,
        "h": 89
      },
      "sourceSize": {
        "w": 180,
        "h": 168
      }
    },
    "particleGlowA1 ": {
      "frame": {
        "x": 1959,
        "y": 373,
        "w": 85,
        "h": 85
      },
      "rotated": false,
      "trimmed": true,
      "spriteSourceSize": {
        "x": -2,
        "y": -2,
        "w": 85,
        "h": 85
      },
      "sourceSize": {
        "w": 81,
        "h": 81
      }
    },
    "characterActiveRodeline_0021": {
      "frame": {
        "x": 1626,
        "y": 1948,
        "w": 61,
        "h": 64
      },
      "rotated": true,
      "trimmed": true,
      "spriteSourceSize": {
        "x": 266,
        "y": 71,
        "w": 61,
        "h": 64
      },
      "sourceSize": {
        "w": 350,
        "h": 350
      }
    }
  },
  "meta": {
    "app": "PixiAnimate",
    "scale": 1,
    "image": "main_core_default_atlas_5.png?c=440458a81d",
    "size": {
      "w": 2048,
      "h": 2048
    }
  }
}