{
  "frames": {
    "superWinFish": {
      "frame": {
        "x": 0,
        "y": 0,
        "w": 1003,
        "h": 370
      },
      "rotated": false,
      "trimmed": true,
      "spriteSourceSize": {
        "x": 0,
        "y": 0,
        "w": 1003,
        "h": 370
      },
      "sourceSize": {
        "w": 1003,
        "h": 370
      }
    },
    "headerBannerPlate": {
      "frame": {
        "x": 1003,
        "y": 0,
        "w": 893,
        "h": 195
      },
      "rotated": false,
      "trimmed": true,
      "spriteSourceSize": {
        "x": -2,
        "y": -2,
        "w": 893,
        "h": 195
      },
      "sourceSize": {
        "w": 889,
        "h": 191
      }
    },
    "anticipationBg": {
      "frame": {
        "x": 1003,
        "y": 195,
        "w": 226,
        "h": 888
      },
      "rotated": true,
      "trimmed": true,
      "spriteSourceSize": {
        "x": -2,
        "y": -2,
        "w": 226,
        "h": 888
      },
      "sourceSize": {
        "w": 222,
        "h": 884
      }
    },
    "megaWinSplashDownSmall": {
      "frame": {
        "x": 0,
        "y": 370,
        "w": 857,
        "h": 392
      },
      "rotated": false,
      "trimmed": true,
      "spriteSourceSize": {
        "x": -2,
        "y": -2,
        "w": 857,
        "h": 392
      },
      "sourceSize": {
        "w": 853,
        "h": 388
      }
    },
    "reelMultiBgAbove": {
      "frame": {
        "x": 857,
        "y": 421,
        "w": 310,
        "h": 848
      },
      "rotated": true,
      "trimmed": true,
      "spriteSourceSize": {
        "x": -2,
        "y": -2,
        "w": 310,
        "h": 848
      },
      "sourceSize": {
        "w": 306,
        "h": 844
      }
    },
    "splashMultiRodRope": {
      "frame": {
        "x": 857,
        "y": 731,
        "w": 794,
        "h": 625
      },
      "rotated": false,
      "trimmed": true,
      "spriteSourceSize": {
        "x": -2,
        "y": -2,
        "w": 794,
        "h": 625
      },
      "sourceSize": {
        "w": 790,
        "h": 621
      }
    },
    "splashBigTrophy": {
      "frame": {
        "x": 0,
        "y": 762,
        "w": 773,
        "h": 723
      },
      "rotated": false,
      "trimmed": true,
      "spriteSourceSize": {
        "x": -2,
        "y": -2,
        "w": 773,
        "h": 723
      },
      "sourceSize": {
        "w": 769,
        "h": 719
      }
    },
    "splashMultiWaterOverlaySmall": {
      "frame": {
        "x": 1705,
        "y": 421,
        "w": 763,
        "h": 288
      },
      "rotated": true,
      "trimmed": true,
      "spriteSourceSize": {
        "x": -2,
        "y": -2,
        "w": 763,
        "h": 288
      },
      "sourceSize": {
        "w": 759,
        "h": 284
      }
    },
    "megaWinSplashes3": {
      "frame": {
        "x": 1651,
        "y": 1184,
        "w": 719,
        "h": 349
      },
      "rotated": true,
      "trimmed": true,
      "spriteSourceSize": {
        "x": 0,
        "y": -1,
        "w": 719,
        "h": 349
      },
      "sourceSize": {
        "w": 721,
        "h": 352
      }
    },
    "superWinSplashRight": {
      "frame": {
        "x": 773,
        "y": 1356,
        "w": 709,
        "h": 606
      },
      "rotated": false,
      "trimmed": true,
      "spriteSourceSize": {
        "x": -2,
        "y": -2,
        "w": 709,
        "h": 606
      },
      "sourceSize": {
        "w": 705,
        "h": 602
      }
    },
    "waterRaysBlue": {
      "frame": {
        "x": 0,
        "y": 1485,
        "w": 343,
        "h": 689
      },
      "rotated": true,
      "trimmed": true,
      "spriteSourceSize": {
        "x": -2,
        "y": -1,
        "w": 343,
        "h": 689
      },
      "sourceSize": {
        "w": 339,
        "h": 686
      }
    },
    "tile16FishHooked": {
      "frame": {
        "x": 0,
        "y": 1828,
        "w": 621,
        "h": 212
      },
      "rotated": false,
      "trimmed": true,
      "spriteSourceSize": {
        "x": -2,
        "y": -2,
        "w": 621,
        "h": 212
      },
      "sourceSize": {
        "w": 617,
        "h": 208
      }
    },
    "characterIdlePullingRodeline_0010": {
      "frame": {
        "x": 1993,
        "y": 0,
        "w": 45,
        "h": 310
      },
      "rotated": false,
      "trimmed": true,
      "spriteSourceSize": {
        "x": 196,
        "y": 38,
        "w": 45,
        "h": 310
      },
      "sourceSize": {
        "w": 350,
        "h": 350
      }
    },
    "characterIdlePullingRodeline_0009": {
      "frame": {
        "x": 1993,
        "y": 310,
        "w": 46,
        "h": 306
      },
      "rotated": false,
      "trimmed": true,
      "spriteSourceSize": {
        "x": 197,
        "y": 42,
        "w": 46,
        "h": 306
      },
      "sourceSize": {
        "w": 350,
        "h": 350
      }
    },
    "characterIdlePullingRodeline_0011": {
      "frame": {
        "x": 1993,
        "y": 616,
        "w": 45,
        "h": 303
      },
      "rotated": false,
      "trimmed": true,
      "spriteSourceSize": {
        "x": 200,
        "y": 45,
        "w": 45,
        "h": 303
      },
      "sourceSize": {
        "w": 350,
        "h": 350
      }
    },
    "characterIdlePullingRodeline_0008": {
      "frame": {
        "x": 1651,
        "y": 731,
        "w": 45,
        "h": 300
      },
      "rotated": false,
      "trimmed": true,
      "spriteSourceSize": {
        "x": 200,
        "y": 48,
        "w": 45,
        "h": 300
      },
      "sourceSize": {
        "w": 350,
        "h": 350
      }
    },
    "tile100TxtShadow": {
      "frame": {
        "x": 1482,
        "y": 1903,
        "w": 298,
        "h": 140
      },
      "rotated": false,
      "trimmed": true,
      "spriteSourceSize": {
        "x": -2,
        "y": -2,
        "w": 298,
        "h": 140
      },
      "sourceSize": {
        "w": 294,
        "h": 136
      }
    },
    "characterIdlePullingRodeline_0007": {
      "frame": {
        "x": 2000,
        "y": 919,
        "w": 42,
        "h": 293
      },
      "rotated": false,
      "trimmed": true,
      "spriteSourceSize": {
        "x": 204,
        "y": 55,
        "w": 42,
        "h": 293
      },
      "sourceSize": {
        "w": 350,
        "h": 350
      }
    },
    "characterIdlePullingRodeline_0012": {
      "frame": {
        "x": 2000,
        "y": 1212,
        "w": 27,
        "h": 282
      },
      "rotated": false,
      "trimmed": true,
      "spriteSourceSize": {
        "x": 219,
        "y": 66,
        "w": 27,
        "h": 282
      },
      "sourceSize": {
        "w": 350,
        "h": 350
      }
    },
    "megaWinFlagBig": {
      "frame": {
        "x": 1482,
        "y": 1356,
        "w": 266,
        "h": 141
      },
      "rotated": true,
      "trimmed": true,
      "spriteSourceSize": {
        "x": -2,
        "y": -2,
        "w": 266,
        "h": 141
      },
      "sourceSize": {
        "w": 262,
        "h": 137
      }
    },
    "tile100Txt": {
      "frame": {
        "x": 621,
        "y": 1962,
        "w": 265,
        "h": 71
      },
      "rotated": false,
      "trimmed": true,
      "spriteSourceSize": {
        "x": 5,
        "y": 13,
        "w": 265,
        "h": 71
      },
      "sourceSize": {
        "w": 276,
        "h": 90
      }
    },
    "logoLifebuoy": {
      "frame": {
        "x": 1780,
        "y": 1903,
        "w": 262,
        "h": 117
      },
      "rotated": false,
      "trimmed": true,
      "spriteSourceSize": {
        "x": -2,
        "y": -2,
        "w": 262,
        "h": 117
      },
      "sourceSize": {
        "w": 279,
        "h": 113
      }
    },
    "characterIdlePullingRodeline_0004": {
      "frame": {
        "x": 1482,
        "y": 1622,
        "w": 50,
        "h": 262
      },
      "rotated": false,
      "trimmed": true,
      "spriteSourceSize": {
        "x": 222,
        "y": 86,
        "w": 50,
        "h": 262
      },
      "sourceSize": {
        "w": 350,
        "h": 350
      }
    },
    "characterIdlePullingRodeline_0003": {
      "frame": {
        "x": 886,
        "y": 1962,
        "w": 65,
        "h": 250
      },
      "rotated": true,
      "trimmed": true,
      "spriteSourceSize": {
        "x": 223,
        "y": 98,
        "w": 65,
        "h": 250
      },
      "sourceSize": {
        "w": 350,
        "h": 350
      }
    },
    "characterIdleActiveRodeline_0004": {
      "frame": {
        "x": 1136,
        "y": 1962,
        "w": 68,
        "h": 247
      },
      "rotated": true,
      "trimmed": true,
      "spriteSourceSize": {
        "x": 214,
        "y": 94,
        "w": 68,
        "h": 247
      },
      "sourceSize": {
        "w": 350,
        "h": 350
      }
    },
    "characterIdleActiveRodeline_0005": {
      "frame": {
        "x": 773,
        "y": 762,
        "w": 67,
        "h": 247
      },
      "rotated": false,
      "trimmed": true,
      "spriteSourceSize": {
        "x": 216,
        "y": 93,
        "w": 67,
        "h": 247
      },
      "sourceSize": {
        "w": 350,
        "h": 350
      }
    },
    "characterIdleActiveRodeline_0003": {
      "frame": {
        "x": 689,
        "y": 1485,
        "w": 65,
        "h": 247
      },
      "rotated": false,
      "trimmed": true,
      "spriteSourceSize": {
        "x": 216,
        "y": 95,
        "w": 65,
        "h": 247
      },
      "sourceSize": {
        "w": 350,
        "h": 350
      }
    },
    "characterIdleActiveRodeline_0002": {
      "frame": {
        "x": 773,
        "y": 1009,
        "w": 61,
        "h": 247
      },
      "rotated": false,
      "trimmed": true,
      "spriteSourceSize": {
        "x": 219,
        "y": 98,
        "w": 61,
        "h": 247
      },
      "sourceSize": {
        "w": 350,
        "h": 350
      }
    },
    "characterIdleActiveRodeline_0001": {
      "frame": {
        "x": 1532,
        "y": 1622,
        "w": 56,
        "h": 247
      },
      "rotated": false,
      "trimmed": true,
      "spriteSourceSize": {
        "x": 224,
        "y": 100,
        "w": 56,
        "h": 247
      },
      "sourceSize": {
        "w": 350,
        "h": 350
      }
    },
    "characterIdleActiveRodeline_0014": {
      "frame": {
        "x": 1588,
        "y": 1622,
        "w": 45,
        "h": 247
      },
      "rotated": false,
      "trimmed": true,
      "spriteSourceSize": {
        "x": 235,
        "y": 102,
        "w": 45,
        "h": 247
      },
      "sourceSize": {
        "w": 350,
        "h": 350
      }
    },
    "characterIdleActiveRodeline_0012": {
      "frame": {
        "x": 2000,
        "y": 1494,
        "w": 43,
        "h": 247
      },
      "rotated": false,
      "trimmed": true,
      "spriteSourceSize": {
        "x": 241,
        "y": 99,
        "w": 43,
        "h": 247
      },
      "sourceSize": {
        "w": 350,
        "h": 350
      }
    },
    "characterIdleActiveRodeline_0013": {
      "frame": {
        "x": 1896,
        "y": 0,
        "w": 43,
        "h": 247
      },
      "rotated": false,
      "trimmed": true,
      "spriteSourceSize": {
        "x": 239,
        "y": 101,
        "w": 43,
        "h": 247
      },
      "sourceSize": {
        "w": 350,
        "h": 350
      }
    },
    "characterIdleActiveRodeline_0009": {
      "frame": {
        "x": 1939,
        "y": 0,
        "w": 53,
        "h": 246
      },
      "rotated": false,
      "trimmed": true,
      "spriteSourceSize": {
        "x": 232,
        "y": 94,
        "w": 53,
        "h": 246
      },
      "sourceSize": {
        "w": 350,
        "h": 350
      }
    },
    "characterPullingWinRodeline_0032": {
      "frame": {
        "x": 689,
        "y": 1732,
        "w": 69,
        "h": 216
      },
      "rotated": false,
      "trimmed": true,
      "spriteSourceSize": {
        "x": 256,
        "y": 100,
        "w": 69,
        "h": 216
      },
      "sourceSize": {
        "w": 370,
        "h": 350
      }
    },
    "megaWinFlagSmall": {
      "frame": {
        "x": 1891,
        "y": 247,
        "w": 95,
        "h": 174
      },
      "rotated": false,
      "trimmed": true,
      "spriteSourceSize": {
        "x": -2,
        "y": -2,
        "w": 95,
        "h": 174
      },
      "sourceSize": {
        "w": 91,
        "h": 170
      }
    },
    "characterActiveRodeline_0015": {
      "frame": {
        "x": 621,
        "y": 1828,
        "w": 63,
        "h": 133
      },
      "rotated": false,
      "trimmed": true,
      "spriteSourceSize": {
        "x": 264,
        "y": 78,
        "w": 63,
        "h": 133
      },
      "sourceSize": {
        "w": 350,
        "h": 350
      }
    },
    "tile100Bubbles7": {
      "frame": {
        "x": 773,
        "y": 1256,
        "w": 95,
        "h": 83
      },
      "rotated": true,
      "trimmed": true,
      "spriteSourceSize": {
        "x": -1,
        "y": -2,
        "w": 95,
        "h": 83
      },
      "sourceSize": {
        "w": 94,
        "h": 82
      }
    },
    "2Guide": {
      "frame": {
        "x": 1383,
        "y": 1962,
        "w": 73,
        "h": 93
      },
      "rotated": true,
      "trimmed": true,
      "spriteSourceSize": {
        "x": -2,
        "y": 5,
        "w": 73,
        "h": 93
      },
      "sourceSize": {
        "w": 69,
        "h": 96
      }
    },
    "tile14TrophyShine202": {
      "frame": {
        "x": 1651,
        "y": 1031,
        "w": 52,
        "h": 80
      },
      "rotated": false,
      "trimmed": true,
      "spriteSourceSize": {
        "x": -2,
        "y": 2,
        "w": 52,
        "h": 80
      },
      "sourceSize": {
        "w": 230,
        "h": 222
      }
    },
    "progMul0": {
      "frame": {
        "x": 857,
        "y": 370,
        "w": 47,
        "h": 61
      },
      "rotated": true,
      "trimmed": true,
      "spriteSourceSize": {
        "x": -2,
        "y": 7,
        "w": 47,
        "h": 61
      },
      "sourceSize": {
        "w": 44,
        "h": 75
      }
    },
    "anticipationCoin": {
      "frame": {
        "x": 918,
        "y": 370,
        "w": 50,
        "h": 59
      },
      "rotated": true,
      "trimmed": true,
      "spriteSourceSize": {
        "x": -2,
        "y": -2,
        "w": 50,
        "h": 59
      },
      "sourceSize": {
        "w": 46,
        "h": 55
      }
    },
    "progMulx": {
      "frame": {
        "x": 2000,
        "y": 1741,
        "w": 42,
        "h": 48
      },
      "rotated": false,
      "trimmed": true,
      "spriteSourceSize": {
        "x": -1,
        "y": 21,
        "w": 42,
        "h": 48
      },
      "sourceSize": {
        "w": 39,
        "h": 75
      }
    },
    "tile100Bubbles9": {
      "frame": {
        "x": 2000,
        "y": 1789,
        "w": 44,
        "h": 44
      },
      "rotated": false,
      "trimmed": true,
      "spriteSourceSize": {
        "x": -2,
        "y": -2,
        "w": 44,
        "h": 44
      },
      "sourceSize": {
        "w": 41,
        "h": 41
      }
    }
  },
  "meta": {
    "app": "PixiAnimate",
    "scale": 1,
    "image": "main_core_default_atlas_1.png?c=99a07c80a9",
    "size": {
      "w": 2048,
      "h": 2048
    }
  }
}