{
  "frames": {
    "quakeSplashPadLight3": {
      "frame": {
        "x": 0,
        "y": 0,
        "w": 1942,
        "h": 27
      },
      "rotated": false,
      "trimmed": true,
      "spriteSourceSize": {
        "x": -2,
        "y": -2,
        "w": 1942,
        "h": 27
      },
      "sourceSize": {
        "w": 1938,
        "h": 23
      }
    },
    "quakeSplashPadLight6": {
      "frame": {
        "x": 1942,
        "y": 0,
        "w": 1812,
        "h": 27
      },
      "rotated": true,
      "trimmed": true,
      "spriteSourceSize": {
        "x": -2,
        "y": -2,
        "w": 1812,
        "h": 27
      },
      "sourceSize": {
        "w": 1808,
        "h": 23
      }
    },
    "quakeSplashPadLight4": {
      "frame": {
        "x": 1969,
        "y": 0,
        "w": 1714,
        "h": 25
      },
      "rotated": true,
      "trimmed": true,
      "spriteSourceSize": {
        "x": -2,
        "y": -2,
        "w": 1714,
        "h": 25
      },
      "sourceSize": {
        "w": 1710,
        "h": 21
      }
    },
    "quakeSplashPadLight1": {
      "frame": {
        "x": 1994,
        "y": 0,
        "w": 1461,
        "h": 40
      },
      "rotated": true,
      "trimmed": true,
      "spriteSourceSize": {
        "x": -2,
        "y": -2,
        "w": 1461,
        "h": 40
      },
      "sourceSize": {
        "w": 1457,
        "h": 36
      }
    },
    "quakeSplashPadLower": {
      "frame": {
        "x": 0,
        "y": 27,
        "w": 1331,
        "h": 568
      },
      "rotated": false,
      "trimmed": true,
      "spriteSourceSize": {
        "x": -2,
        "y": -2,
        "w": 1331,
        "h": 568
      },
      "sourceSize": {
        "w": 1327,
        "h": 564
      }
    },
    "quakeSplashPadLight7": {
      "frame": {
        "x": 0,
        "y": 1812,
        "w": 1313,
        "h": 135
      },
      "rotated": false,
      "trimmed": true,
      "spriteSourceSize": {
        "x": -2,
        "y": -2,
        "w": 1313,
        "h": 135
      },
      "sourceSize": {
        "w": 1309,
        "h": 131
      }
    },
    "quakeSplashPadUpper": {
      "frame": {
        "x": 1331,
        "y": 27,
        "w": 1274,
        "h": 573
      },
      "rotated": true,
      "trimmed": true,
      "spriteSourceSize": {
        "x": -2,
        "y": -2,
        "w": 1274,
        "h": 573
      },
      "sourceSize": {
        "w": 1270,
        "h": 569
      }
    },
    "quakeSplashPadLight8": {
      "frame": {
        "x": 1904,
        "y": 27,
        "w": 1154,
        "h": 24
      },
      "rotated": true,
      "trimmed": true,
      "spriteSourceSize": {
        "x": -2,
        "y": -2,
        "w": 1154,
        "h": 24
      },
      "sourceSize": {
        "w": 1150,
        "h": 20
      }
    },
    "quakeSplashPadLight5": {
      "frame": {
        "x": 1904,
        "y": 1181,
        "w": 821,
        "h": 26
      },
      "rotated": true,
      "trimmed": true,
      "spriteSourceSize": {
        "x": -2,
        "y": -2,
        "w": 821,
        "h": 26
      },
      "sourceSize": {
        "w": 817,
        "h": 22
      }
    },
    "quakeGlow": {
      "frame": {
        "x": 0,
        "y": 595,
        "w": 657,
        "h": 655
      },
      "rotated": true,
      "trimmed": true,
      "spriteSourceSize": {
        "x": -2,
        "y": -2,
        "w": 657,
        "h": 655
      },
      "sourceSize": {
        "w": 653,
        "h": 651
      }
    },
    "quakeEffect3": {
      "frame": {
        "x": 0,
        "y": 1252,
        "w": 514,
        "h": 109
      },
      "rotated": true,
      "trimmed": true,
      "spriteSourceSize": {
        "x": -2,
        "y": -2,
        "w": 514,
        "h": 109
      },
      "sourceSize": {
        "w": 510,
        "h": 105
      }
    },
    "quakeEffect1": {
      "frame": {
        "x": 109,
        "y": 1301,
        "w": 507,
        "h": 489
      },
      "rotated": true,
      "trimmed": true,
      "spriteSourceSize": {
        "x": -2,
        "y": -2,
        "w": 507,
        "h": 489
      },
      "sourceSize": {
        "w": 503,
        "h": 485
      }
    },
    "quakeEffect2": {
      "frame": {
        "x": 598,
        "y": 1301,
        "w": 498,
        "h": 249
      },
      "rotated": true,
      "trimmed": true,
      "spriteSourceSize": {
        "x": -2,
        "y": -2,
        "w": 498,
        "h": 249
      },
      "sourceSize": {
        "w": 494,
        "h": 245
      }
    },
    "quakeEffect4": {
      "frame": {
        "x": 847,
        "y": 595,
        "w": 191,
        "h": 187
      },
      "rotated": false,
      "trimmed": true,
      "spriteSourceSize": {
        "x": -2,
        "y": -2,
        "w": 191,
        "h": 187
      },
      "sourceSize": {
        "w": 187,
        "h": 183
      }
    },
    "quakeSplashOrb2": {
      "frame": {
        "x": 655,
        "y": 595,
        "w": 178,
        "h": 175
      },
      "rotated": false,
      "trimmed": true,
      "spriteSourceSize": {
        "x": -2,
        "y": -2,
        "w": 178,
        "h": 175
      },
      "sourceSize": {
        "w": 174,
        "h": 171
      }
    },
    "quakeSplashOrb1": {
      "frame": {
        "x": 655,
        "y": 770,
        "w": 118,
        "h": 116
      },
      "rotated": false,
      "trimmed": true,
      "spriteSourceSize": {
        "x": -2,
        "y": -2,
        "w": 118,
        "h": 116
      },
      "sourceSize": {
        "w": 114,
        "h": 112
      }
    }
  },
  "meta": {
    "app": "PixiAnimate",
    "scale": 1,
    "image": "main_core_green_atlas_0.png?c=0c590829c1",
    "size": {
      "w": 2048,
      "h": 2048
    }
  }
}