{
  "frames": {
    "megaWinBase": {
      "frame": {
        "x": 0,
        "y": 0,
        "w": 1817,
        "h": 825
      },
      "rotated": false,
      "trimmed": true,
      "spriteSourceSize": {
        "x": -2,
        "y": -2,
        "w": 1817,
        "h": 825
      },
      "sourceSize": {
        "w": 1813,
        "h": 821
      }
    },
    "bitmapFontBlinks": {
      "frame": {
        "x": 0,
        "y": 825,
        "w": 1412,
        "h": 366
      },
      "rotated": false,
      "trimmed": true,
      "spriteSourceSize": {
        "x": -2,
        "y": -2,
        "w": 1412,
        "h": 366
      },
      "sourceSize": {
        "w": 1408,
        "h": 362
      }
    },
    "shiftSplashPadLight7": {
      "frame": {
        "x": 1817,
        "y": 0,
        "w": 1313,
        "h": 135
      },
      "rotated": true,
      "trimmed": true,
      "spriteSourceSize": {
        "x": -2,
        "y": -2,
        "w": 1313,
        "h": 135
      },
      "sourceSize": {
        "w": 1309,
        "h": 131
      }
    },
    "shiftSplashPadLight8": {
      "frame": {
        "x": 1412,
        "y": 825,
        "w": 1154,
        "h": 24
      },
      "rotated": true,
      "trimmed": true,
      "spriteSourceSize": {
        "x": -2,
        "y": -2,
        "w": 1154,
        "h": 24
      },
      "sourceSize": {
        "w": 1150,
        "h": 20
      }
    },
    "beamSplashLaser": {
      "frame": {
        "x": 0,
        "y": 1979,
        "w": 1070,
        "h": 31
      },
      "rotated": false,
      "trimmed": true,
      "spriteSourceSize": {
        "x": -2,
        "y": -2,
        "w": 1070,
        "h": 31
      },
      "sourceSize": {
        "w": 1066,
        "h": 27
      }
    },
    "splashShadow": {
      "frame": {
        "x": 1436,
        "y": 825,
        "w": 1044,
        "h": 204
      },
      "rotated": true,
      "trimmed": true,
      "spriteSourceSize": {
        "x": -2,
        "y": -2,
        "w": 1044,
        "h": 204
      },
      "sourceSize": {
        "w": 1040,
        "h": 200
      }
    },
    "sceneSlotSpecialBgLight1": {
      "frame": {
        "x": 0,
        "y": 1191,
        "w": 247,
        "h": 1033
      },
      "rotated": true,
      "trimmed": true,
      "spriteSourceSize": {
        "x": 2,
        "y": -2,
        "w": 247,
        "h": 1033
      },
      "sourceSize": {
        "w": 249,
        "h": 1032
      }
    },
    "sceneSlotSpecialUp": {
      "frame": {
        "x": 1952,
        "y": 0,
        "w": 998,
        "h": 80
      },
      "rotated": true,
      "trimmed": true,
      "spriteSourceSize": {
        "x": -2,
        "y": -2,
        "w": 998,
        "h": 80
      },
      "sourceSize": {
        "w": 994,
        "h": 76
      }
    },
    "sceneSlotUp": {
      "frame": {
        "x": 1952,
        "y": 998,
        "w": 998,
        "h": 80
      },
      "rotated": true,
      "trimmed": true,
      "spriteSourceSize": {
        "x": -2,
        "y": -2,
        "w": 998,
        "h": 80
      },
      "sourceSize": {
        "w": 994,
        "h": 76
      }
    },
    "sceneSlotSpecialDown": {
      "frame": {
        "x": 1640,
        "y": 825,
        "w": 998,
        "h": 57
      },
      "rotated": true,
      "trimmed": true,
      "spriteSourceSize": {
        "x": -2,
        "y": -2,
        "w": 998,
        "h": 57
      },
      "sourceSize": {
        "w": 994,
        "h": 56
      }
    },
    "sceneSlotDown": {
      "frame": {
        "x": 1697,
        "y": 825,
        "w": 998,
        "h": 54
      },
      "rotated": true,
      "trimmed": true,
      "spriteSourceSize": {
        "x": -2,
        "y": -2,
        "w": 998,
        "h": 54
      },
      "sourceSize": {
        "w": 994,
        "h": 56
      }
    },
    "thunderSplashPadLight3": {
      "frame": {
        "x": 0,
        "y": 1438,
        "w": 954,
        "h": 217
      },
      "rotated": false,
      "trimmed": true,
      "spriteSourceSize": {
        "x": -2,
        "y": -2,
        "w": 954,
        "h": 217
      },
      "sourceSize": {
        "w": 950,
        "h": 213
      }
    },
    "sceneSlotSpecialLeft": {
      "frame": {
        "x": 0,
        "y": 1655,
        "w": 95,
        "h": 888
      },
      "rotated": true,
      "trimmed": true,
      "spriteSourceSize": {
        "x": -2,
        "y": -2,
        "w": 95,
        "h": 888
      },
      "sourceSize": {
        "w": 91,
        "h": 887
      }
    },
    "sceneSlotSpecialRight": {
      "frame": {
        "x": 0,
        "y": 1750,
        "w": 95,
        "h": 888
      },
      "rotated": true,
      "trimmed": true,
      "spriteSourceSize": {
        "x": -2,
        "y": -2,
        "w": 95,
        "h": 888
      },
      "sourceSize": {
        "w": 91,
        "h": 887
      }
    },
    "sceneSlotRight": {
      "frame": {
        "x": 0,
        "y": 1845,
        "w": 95,
        "h": 887
      },
      "rotated": true,
      "trimmed": true,
      "spriteSourceSize": {
        "x": -2,
        "y": -2,
        "w": 95,
        "h": 887
      },
      "sourceSize": {
        "w": 91,
        "h": 887
      }
    },
    "shiftSplashMotion3": {
      "frame": {
        "x": 1070,
        "y": 1191,
        "w": 816,
        "h": 153
      },
      "rotated": true,
      "trimmed": true,
      "spriteSourceSize": {
        "x": -2,
        "y": -2,
        "w": 816,
        "h": 153
      },
      "sourceSize": {
        "w": 812,
        "h": 149
      }
    },
    "shiftSplashMotion2": {
      "frame": {
        "x": 1223,
        "y": 1191,
        "w": 663,
        "h": 143
      },
      "rotated": true,
      "trimmed": true,
      "spriteSourceSize": {
        "x": -2,
        "y": -2,
        "w": 663,
        "h": 143
      },
      "sourceSize": {
        "w": 659,
        "h": 139
      }
    },
    "thunderSplashPadLight4": {
      "frame": {
        "x": 1751,
        "y": 1313,
        "w": 185,
        "h": 598
      },
      "rotated": false,
      "trimmed": true,
      "spriteSourceSize": {
        "x": -2,
        "y": -2,
        "w": 185,
        "h": 598
      },
      "sourceSize": {
        "w": 181,
        "h": 594
      }
    },
    "thunderSplashLightning3": {
      "frame": {
        "x": 954,
        "y": 1438,
        "w": 430,
        "h": 107
      },
      "rotated": true,
      "trimmed": true,
      "spriteSourceSize": {
        "x": -2,
        "y": -2,
        "w": 430,
        "h": 107
      },
      "sourceSize": {
        "w": 426,
        "h": 103
      }
    },
    "thunderSplashLightning5": {
      "frame": {
        "x": 1436,
        "y": 1911,
        "w": 420,
        "h": 109
      },
      "rotated": false,
      "trimmed": true,
      "spriteSourceSize": {
        "x": -2,
        "y": -2,
        "w": 420,
        "h": 109
      },
      "sourceSize": {
        "w": 416,
        "h": 105
      }
    },
    "coin_0007": {
      "frame": {
        "x": 1223,
        "y": 1854,
        "w": 187,
        "h": 132
      },
      "rotated": false,
      "trimmed": true,
      "spriteSourceSize": {
        "x": 36,
        "y": 43,
        "w": 187,
        "h": 132
      },
      "sourceSize": {
        "w": 230,
        "h": 230
      }
    },
    "splashTwo": {
      "frame": {
        "x": 887,
        "y": 1868,
        "w": 104,
        "h": 135
      },
      "rotated": true,
      "trimmed": true,
      "spriteSourceSize": {
        "x": 0,
        "y": 18,
        "w": 104,
        "h": 135
      },
      "sourceSize": {
        "w": 104,
        "h": 170
      }
    },
    "quakeSplashParticle10": {
      "frame": {
        "x": 1856,
        "y": 1911,
        "w": 133,
        "h": 83
      },
      "rotated": true,
      "trimmed": true,
      "spriteSourceSize": {
        "x": -2,
        "y": -2,
        "w": 133,
        "h": 83
      },
      "sourceSize": {
        "w": 129,
        "h": 79
      }
    },
    "quakeSplashParticle6": {
      "frame": {
        "x": 1751,
        "y": 825,
        "w": 129,
        "h": 64
      },
      "rotated": true,
      "trimmed": true,
      "spriteSourceSize": {
        "x": -2,
        "y": -2,
        "w": 129,
        "h": 64
      },
      "sourceSize": {
        "w": 125,
        "h": 60
      }
    },
    "quakeSplashParticle8": {
      "frame": {
        "x": 1640,
        "y": 1823,
        "w": 110,
        "h": 74
      },
      "rotated": false,
      "trimmed": true,
      "spriteSourceSize": {
        "x": -2,
        "y": -2,
        "w": 110,
        "h": 74
      },
      "sourceSize": {
        "w": 106,
        "h": 70
      }
    },
    "thunderSplashParticle4": {
      "frame": {
        "x": 0,
        "y": 2010,
        "w": 83,
        "h": 34
      },
      "rotated": false,
      "trimmed": true,
      "spriteSourceSize": {
        "x": -2,
        "y": -2,
        "w": 83,
        "h": 34
      },
      "sourceSize": {
        "w": 79,
        "h": 30
      }
    },
    "quakeSplashParticle5": {
      "frame": {
        "x": 888,
        "y": 1655,
        "w": 82,
        "h": 64
      },
      "rotated": true,
      "trimmed": true,
      "spriteSourceSize": {
        "x": -2,
        "y": -2,
        "w": 82,
        "h": 64
      },
      "sourceSize": {
        "w": 78,
        "h": 60
      }
    },
    "shiftSplashParticle1": {
      "frame": {
        "x": 0,
        "y": 1940,
        "w": 75,
        "h": 39
      },
      "rotated": false,
      "trimmed": true,
      "spriteSourceSize": {
        "x": -2,
        "y": -2,
        "w": 75,
        "h": 39
      },
      "sourceSize": {
        "w": 71,
        "h": 35
      }
    },
    "anticipationCoin": {
      "frame": {
        "x": 1223,
        "y": 1986,
        "w": 56,
        "h": 69
      },
      "rotated": true,
      "trimmed": true,
      "spriteSourceSize": {
        "x": -2,
        "y": -2,
        "w": 56,
        "h": 69
      },
      "sourceSize": {
        "w": 52,
        "h": 65
      }
    },
    "tile6LightningRight": {
      "frame": {
        "x": 1751,
        "y": 954,
        "w": 62,
        "h": 64
      },
      "rotated": true,
      "trimmed": true,
      "spriteSourceSize": {
        "x": -2,
        "y": -2,
        "w": 62,
        "h": 64
      },
      "sourceSize": {
        "w": 58,
        "h": 60
      }
    },
    "tile6LightningLeft": {
      "frame": {
        "x": 1366,
        "y": 1191,
        "w": 59,
        "h": 43
      },
      "rotated": true,
      "trimmed": true,
      "spriteSourceSize": {
        "x": -2,
        "y": -2,
        "w": 59,
        "h": 43
      },
      "sourceSize": {
        "w": 55,
        "h": 39
      }
    },
    "shiftSplashFadeColor": {
      "frame": {
        "x": 1292,
        "y": 1986,
        "w": 54,
        "h": 54
      },
      "rotated": false,
      "trimmed": true,
      "spriteSourceSize": {
        "x": -2,
        "y": -2,
        "w": 54,
        "h": 54
      },
      "sourceSize": {
        "w": 50,
        "h": 50
      }
    },
    "superheroFadeColor": {
      "frame": {
        "x": 1346,
        "y": 1986,
        "w": 54,
        "h": 54
      },
      "rotated": false,
      "trimmed": true,
      "spriteSourceSize": {
        "x": -2,
        "y": -2,
        "w": 54,
        "h": 54
      },
      "sourceSize": {
        "w": 50,
        "h": 50
      }
    },
    "tile5Magic": {
      "frame": {
        "x": 1366,
        "y": 1250,
        "w": 41,
        "h": 46
      },
      "rotated": true,
      "trimmed": true,
      "spriteSourceSize": {
        "x": -2,
        "y": -2,
        "w": 41,
        "h": 46
      },
      "sourceSize": {
        "w": 37,
        "h": 42
      }
    },
    "quakeReflection4": {
      "frame": {
        "x": 1033,
        "y": 1191,
        "w": 37,
        "h": 45
      },
      "rotated": false,
      "trimmed": true,
      "spriteSourceSize": {
        "x": 4,
        "y": 0,
        "w": 37,
        "h": 45
      },
      "sourceSize": {
        "w": 40,
        "h": 47
      }
    },
    "logoPlateGlowRight": {
      "frame": {
        "x": 83,
        "y": 2010,
        "w": 33,
        "h": 34
      },
      "rotated": false,
      "trimmed": true,
      "spriteSourceSize": {
        "x": -2,
        "y": -2,
        "w": 33,
        "h": 34
      },
      "sourceSize": {
        "w": 29,
        "h": 30
      }
    }
  },
  "meta": {
    "app": "PixiAnimate",
    "scale": 1,
    "image": "main_core_default_atlas_1.png?c=79dbe5ec28",
    "size": {
      "w": 2048,
      "h": 2048
    }
  }
}