{
  "frames": {
    "logo": {
      "frame": {
        "x": 0,
        "y": 0,
        "w": 572,
        "h": 167
      },
      "rotated": false,
      "trimmed": true,
      "spriteSourceSize": {
        "x": 64,
        "y": 1,
        "w": 572,
        "h": 167
      },
      "sourceSize": {
        "w": 701,
        "h": 169
      }
    }
  },
  "meta": {
    "app": "PixiAnimate",
    "scale": 1,
    "image": "loader_30_50_atlas_0.png?c=a3aa696f89",
    "size": {
      "w": 1024,
      "h": 256
    }
  }
}