{
  "frames": {
    "paytable1Txt": {
      "frame": {
        "x": 0,
        "y": 0,
        "w": 937,
        "h": 114
      },
      "rotated": false,
      "trimmed": true,
      "spriteSourceSize": {
        "x": 77,
        "y": 34,
        "w": 937,
        "h": 114
      },
      "sourceSize": {
        "w": 1095,
        "h": 170
      }
    },
    "paytable9Title": {
      "frame": {
        "x": 937,
        "y": 0,
        "w": 749,
        "h": 60
      },
      "rotated": false,
      "trimmed": true,
      "spriteSourceSize": {
        "x": 49,
        "y": 25,
        "w": 749,
        "h": 60
      },
      "sourceSize": {
        "w": 847,
        "h": 109
      }
    },
    "paytable2Title": {
      "frame": {
        "x": 1686,
        "y": 0,
        "w": 700,
        "h": 60
      },
      "rotated": true,
      "trimmed": true,
      "spriteSourceSize": {
        "x": 73,
        "y": 25,
        "w": 700,
        "h": 60
      },
      "sourceSize": {
        "w": 847,
        "h": 109
      }
    },
    "paytable7Title": {
      "frame": {
        "x": 937,
        "y": 60,
        "w": 548,
        "h": 60
      },
      "rotated": false,
      "trimmed": true,
      "spriteSourceSize": {
        "x": 149,
        "y": 25,
        "w": 548,
        "h": 60
      },
      "sourceSize": {
        "w": 847,
        "h": 109
      }
    },
    "paytable4Title": {
      "frame": {
        "x": 1746,
        "y": 0,
        "w": 269,
        "h": 61
      },
      "rotated": false,
      "trimmed": true,
      "spriteSourceSize": {
        "x": 288,
        "y": 25,
        "w": 269,
        "h": 61
      },
      "sourceSize": {
        "w": 847,
        "h": 109
      }
    },
    "paytable5Title": {
      "frame": {
        "x": 1746,
        "y": 61,
        "w": 259,
        "h": 61
      },
      "rotated": false,
      "trimmed": true,
      "spriteSourceSize": {
        "x": 294,
        "y": 25,
        "w": 259,
        "h": 61
      },
      "sourceSize": {
        "w": 847,
        "h": 109
      }
    },
    "logoTxt": {
      "frame": {
        "x": 1746,
        "y": 122,
        "w": 258,
        "h": 91
      },
      "rotated": false,
      "trimmed": true,
      "spriteSourceSize": {
        "x": 61,
        "y": -2,
        "w": 258,
        "h": 91
      },
      "sourceSize": {
        "w": 376,
        "h": 90
      }
    },
    "paytable3Title": {
      "frame": {
        "x": 1746,
        "y": 213,
        "w": 258,
        "h": 70
      },
      "rotated": false,
      "trimmed": true,
      "spriteSourceSize": {
        "x": 295,
        "y": 25,
        "w": 258,
        "h": 70
      },
      "sourceSize": {
        "w": 847,
        "h": 109
      }
    },
    "paytable6Title": {
      "frame": {
        "x": 1746,
        "y": 283,
        "w": 217,
        "h": 61
      },
      "rotated": false,
      "trimmed": true,
      "spriteSourceSize": {
        "x": 315,
        "y": 25,
        "w": 217,
        "h": 61
      },
      "sourceSize": {
        "w": 847,
        "h": 109
      }
    }
  },
  "meta": {
    "app": "PixiAnimate",
    "scale": 1,
    "image": "loader_yellow_atlas_0.png?c=bc2d7bc27b",
    "size": {
      "w": 2048,
      "h": 1024
    }
  }
}