{
"skeleton": {
	"hash": "8JqZyV+JiH3qyEPZFMVcmGFj/Ts",
	"spine": "3.8.99",
	"x": -1058,
	"y": -1588,
	"width": 3150,
	"height": 2247.95,
	"fps": 60,
	"images": "W:/Slots/Shah Mat/Assets/EN/images/",
	"audio": "D:/www/Games/Slots/pack4/MysticStaxx/resources/spine"
},
"bones": [
	{ "name": "root" },
	{ "name": "pike", "parent": "root", "length": 1238.07, "rotation": 139, "x": 904.21, "y": -475.12 },
	{ "name": "bone2", "parent": "pike", "length": 217.92, "rotation": 131.98, "x": 1236.83, "y": 5.28 },
	{ "name": "bone3", "parent": "bone2", "length": 100.77, "rotation": -64.73, "x": 216.62, "y": -3.69 },
	{ "name": "bone4", "parent": "bone3", "length": 236.47, "rotation": 10.02, "x": 102.99, "y": -1.1 },
	{ "name": "bone5", "parent": "bone4", "length": 178.72, "rotation": 10.98, "x": 246.92, "y": -4.6 },
	{ "name": "bone6", "parent": "bone5", "length": 324.7, "rotation": -88.23, "x": 180.33, "y": -3.57 },
	{ "name": "top", "parent": "bone6", "length": 171.9, "rotation": 52.61, "x": 321.45, "y": 3.74 },
	{ "name": "top1", "parent": "top", "length": 59.63, "rotation": -16.4, "x": 174.57, "y": 0.71 },
	{ "name": "top2", "parent": "top1", "length": 73.89, "rotation": 36.06, "x": 59.63 },
	{ "name": "bot", "parent": "bone6", "length": 178.29, "rotation": 78.65, "x": 321.69, "y": 7.23 },
	{ "name": "bot1", "parent": "bot", "length": 52.19, "rotation": 30.03, "x": 180.47, "y": -3.25 },
	{ "name": "bot2", "parent": "bot1", "length": 38.4, "rotation": -46.92, "x": 52.19 },
	{ "name": "bot3", "parent": "bot2", "length": 46.72, "rotation": 37.22, "x": 41.87, "y": -1.32 },
	{ "name": "bot4", "parent": "bot3", "length": 33.33, "rotation": -126.19, "x": 46.72 },
	{ "name": "bot5", "parent": "bot4", "length": 44.29, "rotation": 94.76, "x": 33.33 },
	{
		"name": "pike2",
		"parent": "root",
		"length": 1238.07,
		"rotation": -138,
		"x": 123.84,
		"y": -483.24,
		"scaleX": -1
	},
	{ "name": "bone7", "parent": "pike2", "length": 217.92, "rotation": 131.98, "x": 1236.83, "y": 5.28 },
	{ "name": "bone8", "parent": "bone7", "length": 100.77, "rotation": -64.73, "x": 216.62, "y": -3.69 },
	{ "name": "bone9", "parent": "bone8", "length": 236.47, "rotation": 10.02, "x": 102.99, "y": -1.1 },
	{ "name": "bone10", "parent": "bone9", "length": 178.72, "rotation": 10.98, "x": 246.92, "y": -4.6 },
	{ "name": "bone11", "parent": "bone10", "length": 324.7, "rotation": -88.23, "x": 180.33, "y": -3.57 },
	{ "name": "top3", "parent": "bone11", "length": 171.9, "rotation": 52.61, "x": 321.45, "y": 3.74 },
	{ "name": "top4", "parent": "top3", "length": 59.63, "rotation": -16.4, "x": 174.57, "y": 0.71 },
	{ "name": "top5", "parent": "top4", "length": 73.89, "rotation": 36.06, "x": 59.63 },
	{ "name": "bot6", "parent": "bone11", "length": 178.29, "rotation": 78.65, "x": 321.69, "y": 7.23 },
	{ "name": "bot7", "parent": "bot6", "length": 52.19, "rotation": 30.03, "x": 180.47, "y": -3.25 },
	{ "name": "bot8", "parent": "bot7", "length": 38.4, "rotation": -46.92, "x": 52.19 },
	{ "name": "bot9", "parent": "bot8", "length": 46.72, "rotation": 37.22, "x": 41.87, "y": -1.32 },
	{ "name": "bot10", "parent": "bot9", "length": 33.33, "rotation": -126.19, "x": 46.72 },
	{ "name": "bot11", "parent": "bot10", "length": 44.29, "rotation": 94.76, "x": 33.33 },
	{
		"name": "shineCurved",
		"parent": "root",
		"rotation": -17.29,
		"x": 82.35,
		"y": -1072.4,
		"scaleX": 1.7104,
		"scaleY": 1.5355
	},
	{ "name": "shineLine", "parent": "root", "x": 529.24, "y": -1050.22, "scaleX": 3.1544, "scaleY": 1.561 },
	{
		"name": "shineCurved2",
		"parent": "root",
		"rotation": -17.29,
		"x": 255.28,
		"y": -1183.52,
		"scaleX": 1.2494,
		"scaleY": 1.5355
	},
	{
		"name": "shineCurved1",
		"parent": "root",
		"rotation": -17.29,
		"x": 82.35,
		"y": -1072.4,
		"scaleX": 1.7104,
		"scaleY": 1.5355
	},
	{
		"name": "shineCurved3",
		"parent": "root",
		"rotation": 157.36,
		"x": -115.21,
		"y": -985.36,
		"scaleX": 1.7632,
		"scaleY": 2.3869
	},
	{
		"name": "shineCurved4",
		"parent": "root",
		"rotation": -17.29,
		"x": 781.1,
		"y": -1174.11,
		"scaleX": 1.7104,
		"scaleY": 1.5355
	},
	{
		"name": "shineCurved5",
		"parent": "root",
		"rotation": -17.29,
		"x": 955.2,
		"y": -1072.4,
		"scaleX": 1.7104,
		"scaleY": 1.5355
	},
	{
		"name": "shineCurved6",
		"parent": "root",
		"rotation": -17.29,
		"x": 955.2,
		"y": -1072.4,
		"scaleX": 1.7104,
		"scaleY": 1.5355
	},
	{
		"name": "shineCurved7",
		"parent": "root",
		"rotation": 159.6,
		"x": 1061.8,
		"y": -873.34,
		"scaleX": 1.7104,
		"scaleY": 1.4555
	},
	{
		"name": "shineLine2",
		"parent": "root",
		"rotation": 40.8,
		"x": 243.96,
		"y": -990.09,
		"scaleX": 1.0608,
		"scaleY": 1.561
	},
	{
		"name": "shineLine3",
		"parent": "root",
		"rotation": 40.8,
		"x": 243.96,
		"y": -990.09,
		"scaleX": 1.0608,
		"scaleY": 1.561
	},
	{
		"name": "shineLine4",
		"parent": "root",
		"rotation": 137.84,
		"x": 782.74,
		"y": -990.09,
		"scaleX": 1.0608,
		"scaleY": 1.561
	},
	{
		"name": "shineLine5",
		"parent": "root",
		"rotation": 137.84,
		"x": 773.17,
		"y": -990.09,
		"scaleX": 1.0608,
		"scaleY": 1.561
	},
	{ "name": "bink", "parent": "root", "x": 424.08, "y": -1051.36 },
	{ "name": "bink2", "parent": "root", "x": 286.85, "y": -1041.62 },
	{ "name": "bink3", "parent": "root", "x": 286.85, "y": -1041.62 },
	{ "name": "bone", "parent": "root", "x": 504.91, "y": -504.21 },
	{ "name": "pawn1", "parent": "root", "x": 450.07, "y": -978.17 },
	{ "name": "pawn2", "parent": "root", "x": 638.16, "y": -976.92 },
	{ "name": "pawn3", "parent": "root", "x": -374.67, "y": -913.85 },
	{ "name": "pawn4", "parent": "root", "x": -60.83, "y": -933.64 },
	{ "name": "pawn5", "parent": "root", "x": 859.67, "y": -996.62 },
	{ "name": "pawn6", "parent": "root", "x": 1184.19, "y": -858.13 },
	{ "name": "knightLeft", "parent": "root", "x": -223.12, "y": -353.42 },
	{ "name": "knightRight", "parent": "root", "x": 1216.84, "y": -324.77 }
],
"slots": [
	{ "name": "sceneSlotSpecial2", "bone": "root", "attachment": "sceneSlotSpecial" },
	{ "name": "sceneSlotSpecialAdd", "bone": "root", "color": "ffffff00", "attachment": "sceneSlotSpecial", "blend": "additive" },
	{ "name": "sceneSpecialFlagPike2", "bone": "pike", "attachment": "sceneSpecialFlagPike" },
	{ "name": "sceneSpecialFlagPike3", "bone": "pike2", "attachment": "sceneSpecialFlagPike" },
	{ "name": "sceneSpecialFlagAn", "bone": "pike", "attachment": "sceneSpecialFlagAn" },
	{ "name": "sceneSpecialFlagAn2", "bone": "pike2", "attachment": "sceneSpecialFlagAn" },
	{ "name": "sceneSlotSpecialKnight", "bone": "knightLeft", "attachment": "sceneSlotSpecialKnight" },
	{ "name": "sceneSlotSpecialKnight2", "bone": "knightRight", "attachment": "sceneSlotSpecialKnight" },
	{ "name": "sceneSlotSpecialKing", "bone": "bone", "attachment": "sceneSlotSpecialKing" },
	{ "name": "megaWinArena", "bone": "root", "attachment": "megaWinArena" },
	{ "name": "freeSpinsSplashPawn1", "bone": "pawn6", "attachment": "freeSpinsSplashPawn1" },
	{ "name": "extraWinPawn4", "bone": "pawn4", "attachment": "extraWinPawn" },
	{ "name": "slotSpecialStoneLAn", "bone": "root", "attachment": "slotSpecialStoneLAn" },
	{ "name": "slotSpecialStoneLAnAdd", "bone": "root", "color": "ffffff00", "attachment": "slotSpecialStoneLAn", "blend": "additive" },
	{ "name": "slotSpecialStoneRAn", "bone": "root", "attachment": "slotSpecialStoneRAn" },
	{ "name": "slotSpecialStoneRAnAdd", "bone": "root", "color": "ffffff00", "attachment": "slotSpecialStoneRAn", "blend": "additive" },
	{ "name": "sceneSpecialPawn", "bone": "pawn3", "attachment": "sceneSpecialPawn" },
	{ "name": "sceneSpecialPawn2", "bone": "pawn2", "attachment": "sceneSpecialPawn" },
	{ "name": "megaWinGlow", "bone": "root", "attachment": "megaWinGlow" },
	{ "name": "shineCurvedYellow", "bone": "shineCurved", "attachment": "shineCurvedYellow", "blend": "additive" },
	{ "name": "shineCurvedYellow5", "bone": "shineCurved4", "attachment": "shineCurvedYellow", "blend": "additive" },
	{ "name": "shineCurvedYellow8", "bone": "shineCurved7", "attachment": "shineCurvedYellow", "blend": "additive" },
	{ "name": "shineCurvedYellow7", "bone": "shineCurved6", "attachment": "shineCurvedYellow", "blend": "additive" },
	{ "name": "shineCurvedYellow6", "bone": "shineCurved5", "attachment": "shineCurvedYellow", "blend": "additive" },
	{ "name": "shineCurvedYellow4", "bone": "shineCurved3", "attachment": "shineCurvedYellow", "blend": "additive" },
	{ "name": "shineCurvedYellow3", "bone": "shineCurved1", "attachment": "shineCurvedYellow", "blend": "additive" },
	{ "name": "shineCurvedYellow2", "bone": "shineCurved2", "attachment": "shineCurvedYellow", "blend": "additive" },
	{ "name": "shineYellow", "bone": "shineLine", "attachment": "shineYellow", "blend": "additive" },
	{ "name": "shineYellow2", "bone": "shineLine2", "attachment": "shineYellow", "blend": "additive" },
	{ "name": "shineYellow3", "bone": "shineLine3", "attachment": "shineYellow", "blend": "additive" },
	{ "name": "shineYellow5", "bone": "shineLine4", "attachment": "shineYellow", "blend": "additive" },
	{ "name": "shineYellow6", "bone": "shineLine5", "attachment": "shineYellow", "blend": "additive" },
	{ "name": "extraWinPawn", "bone": "pawn1", "attachment": "extraWinPawn" },
	{ "name": "extraWinPawn2", "bone": "pawn5", "attachment": "extraWinPawn" },
	{ "name": "winBlink", "bone": "bink", "attachment": "winBlink", "blend": "additive" },
	{ "name": "winBlink2", "bone": "bink2", "attachment": "winBlink", "blend": "additive" },
	{ "name": "winBlink3", "bone": "bink3", "attachment": "winBlink", "blend": "additive" },
	{ "name": "slotUp", "bone": "root" }
],
"skins": [
	{
		"name": "default",
		"attachments": {
			"extraWinPawn": {
				"extraWinPawn": { "x": -3.07, "y": 93.17, "scaleX": 0.9, "scaleY": 0.9, "width": 139, "height": 324 }
			},
			"extraWinPawn2": {
				"extraWinPawn": {
					"x": 27.92,
					"y": 92.91,
					"scaleX": 0.8503,
					"scaleY": 0.8503,
					"rotation": -25.57,
					"width": 139,
					"height": 324
				}
			},
			"extraWinPawn4": {
				"extraWinPawn": { "x": 13.65, "y": 108.36, "width": 139, "height": 324 }
			},
			"freeSpinsSplashPawn1": {
				"freeSpinsSplashPawn1": {
					"x": -30.33,
					"y": 60.23,
					"scaleX": 1.5,
					"scaleY": 1.5,
					"rotation": 35.54,
					"width": 110,
					"height": 199
				}
			},
			"megaWinArena": {
				"megaWinArena": { "x": 517, "y": -738, "width": 870, "height": 89 }
			},
			"megaWinGlow": {
				"megaWinGlow": { "x": 527.68, "y": -416.99, "scaleX": 1.3, "scaleY": 1.3, "width": 1181, "height": 576 }
			},
			"sceneSlotSpecial2": {
				"sceneSlotSpecial": { "x": 517, "y": -500, "width": 3150, "height": 2176 }
			},
			"sceneSlotSpecialAdd": {
				"sceneSlotSpecial": { "x": 517, "y": -500, "width": 3150, "height": 2176 }
			},
			"sceneSlotSpecialKing": {
				"sceneSlotSpecialKing": { "x": 6.09, "y": 395.21, "width": 824, "height": 1327 }
			},
			"sceneSlotSpecialKnight": {
				"sceneSlotSpecialKnight": { "x": -59.88, "y": -80.58, "width": 792, "height": 1067 }
			},
			"sceneSlotSpecialKnight2": {
				"sceneSlotSpecialKnight": { "x": 101.18, "y": -109.23, "scaleX": -1, "width": 792, "height": 1067 }
			},
			"sceneSpecialFlagAn": {
				"sceneSpecialFlagAn": {
					"type": "mesh",
					"uvs": [ 0.19092, 5.0E-4, 0.30014, 0.09158, 0.38676, 0.43423, 0.41412, 0.47567, 0.43975, 0.49699, 0.45837, 0.49797, 0.47144, 0.48497, 0.46911, 0.4439, 0.48941, 0.35901, 0.56053, 0.23532, 0.65887, 0.18521, 0.68812, 0.30261, 0.70282, 0.32357, 0.73504, 0.09545, 0.81795, 0.05628, 0.86143, 0.03574, 0.89603, 0.20495, 0.84246, 0.17076, 0.82294, 0.24098, 0.83409, 0.34911, 0.86695, 0.44453, 0.90236, 0.41542, 0.92566, 0.39627, 0.99547, 0.69034, 0.99301, 0.72927, 0.9548, 0.69819, 0.9251, 0.75001, 0.95052, 0.87889, 0.92211, 0.99804, 0.84437, 0.99778, 0.78235, 0.90289, 0.71589, 0.80122, 0.57111, 0.86582, 0.51584, 0.94998, 0.46098, 0.99847, 0.34655, 0.94627, 0.2673, 0.60888, 0.22995, 0.34324, 0.19632, 0.29806, 0.16879, 0.29056, 0.14804, 0.31424, 0.13047, 0.31026, 0.10998, 0.37286, 0.09943, 0.37498, 0.07736, 0.33485, 0.05462, 0.3726, 0.04233, 0.36388, 0.04149, 0.31929, 0.03604, 0.32158, 0.02931, 0.31274, 0.01359, 0.31457, 0.00362, 0.30828, 0.01237, 0.29837, 0.02655, 0.2853, 0.03537, 0.29489, 0.04616, 0.29152, 0.05468, 0.29748, 0.05259, 0.32702, 0.05533, 0.33652, 0.06399, 0.32649, 0.07461, 0.29181, 0.09983, 0.28759, 0.1104, 0.26099, 0.11891, 0.21657, 0.13768, 0.1878, 0.18551, 0.18257, 0.20571, 0.17735, 0.1899, 0.13969, 0.14053, 0.14997, 0.11622, 0.07827, 0.10417, 0.06454, 0.08825, 0.07796, 0.06763, 0.06446, 0.05332, 0.07491, 0.03828, 0.06572, 0.06014, 0.03941, 0.08406, 0.03857, 0.09128, 0.01682, 0.10892, 0.0139, 0.13054, 0.03119, 0.74438, 0.62632 ],
					"triangles": [ 72, 75, 76, 70, 77, 78, 76, 77, 70, 73, 74, 75, 73, 75, 72, 71, 76, 70, 72, 76, 71, 69, 70, 78, 79, 69, 78, 67, 79, 0, 66, 67, 0, 68, 79, 67, 69, 79, 68, 1, 66, 0, 49, 53, 54, 50, 52, 53, 49, 50, 53, 51, 52, 50, 47, 54, 55, 48, 49, 54, 47, 48, 54, 57, 55, 56, 47, 55, 57, 46, 47, 57, 46, 57, 58, 45, 46, 58, 45, 58, 59, 45, 59, 44, 59, 60, 44, 41, 63, 64, 40, 41, 64, 62, 63, 41, 44, 60, 61, 41, 42, 61, 41, 61, 62, 43, 44, 61, 42, 43, 61, 39, 64, 65, 38, 65, 66, 39, 65, 38, 39, 40, 64, 37, 66, 1, 38, 66, 37, 37, 1, 2, 36, 37, 2, 3, 35, 36, 3, 36, 2, 35, 3, 4, 35, 4, 34, 6, 7, 8, 33, 6, 8, 5, 6, 33, 4, 5, 34, 31, 11, 80, 11, 32, 9, 11, 9, 10, 32, 11, 31, 33, 8, 32, 31, 80, 30, 9, 32, 8, 34, 5, 33, 13, 14, 18, 18, 12, 13, 12, 18, 19, 80, 12, 19, 80, 19, 20, 80, 20, 26, 80, 11, 12, 30, 80, 26, 29, 30, 26, 28, 29, 26, 27, 28, 26, 17, 14, 15, 17, 15, 16, 18, 14, 17, 25, 22, 23, 21, 22, 25, 24, 25, 23, 25, 20, 21, 26, 20, 25 ],
					"vertices": [ 1, 7, 114.59, -53.43, 1, 2, 6, 328.62, -43.12, 0.50141, 7, -32.88, -34.15, 0.49859, 2, 4, 388.36, -108.68, 0.08479, 6, 123.58, -65.15, 0.91521, 3, 4, 359.07, -79.77, 0.17578, 5, 95.79, -95.15, 0.10651, 6, 88.92, -87.33, 0.71771, 3, 4, 329.49, -61.25, 0.24826, 5, 70.28, -71.34, 0.36228, 6, 64.34, -112.1, 0.38947, 3, 4, 306.22, -54.91, 0.29139, 5, 48.64, -60.69, 0.50838, 6, 53.01, -133.39, 0.20023, 3, 4, 288.2, -57.16, 0.28506, 5, 30.52, -59.46, 0.59704, 6, 51.23, -151.47, 0.1179, 2, 4, 286.09, -78.02, 0.276, 5, 24.47, -79.54, 0.724, 2, 4, 250.17, -113.21, 0.29711, 5, -17.49, -107.24, 0.70289, 2, 4, 145.65, -151.41, 0.91264, 5, -127.37, -124.85, 0.08736, 1, 4, 15.97, -144.99, 1, 2, 2, 192.03, -137.32, 0.10244, 4, -6.36, -78.28, 0.89756, 2, 2, 195, -115.74, 0.85431, 4, -22.26, -63.38, 0.14569, 1, 2, 72.52, -118.55, 1, 1, 1, 1245.71, 33.73, 1, 1, 1, 1229.59, -21.21, 1, 1, 1, 1133.11, -22.68, 1, 1, 1, 1179.8, 31.45, 1, 2, 1, 1159.54, 70.01, 0.20135, 2, 99.81, 14.16, 0.79865, 2, 1, 1104.3, 81.75, 0.34692, 2, 145.49, 47.38, 0.65308, 2, 1, 1042.1, 65.48, 0.71825, 2, 175.01, 104.5, 0.28175, 1, 1, 1034.54, 17.92, 1, 1, 1, 1029.57, -13.36, 1, 1, 1, 856.25, -27.11, 1, 1, 1, 840.14, -15.4, 1, 1, 1, 876.47, 21.7, 1, 2, 1, 870.45, 67.83, 0.33527, 2, 291.55, 230.54, 0.66473, 2, 2, 340.3, 284.79, 0.62152, 4, -265.22, 286.62, 0.37848, 2, 2, 409.71, 272.28, 0.54569, 4, -214.92, 336.04, 0.45431, 2, 2, 446.03, 178.39, 0.75272, 4, -117.3, 311.44, 0.24728, 2, 2, 430.44, 86.17, 0.53529, 4, -51.03, 245.44, 0.46471, 2, 2, 413.73, -12.65, 0.16054, 4, 19.97, 174.71, 0.83946, 1, 4, 209.77, 160.77, 1, 3, 4, 289.52, 184.6, 0.61848, 5, 77.85, 177.62, 0.17688, 6, -184.28, -96.83, 0.20464, 3, 4, 364.39, 191.08, 0.48254, 5, 152.58, 169.73, 0.30707, 6, -174.08, -22.37, 0.21038, 3, 4, 501.72, 129.49, 0.16464, 5, 275.67, 83.12, 0.37179, 6, -83.69, 97.98, 0.46357, 3, 4, 559.85, -60.73, 0.03207, 5, 296.52, -114.69, 0.05788, 6, 114.67, 112.7, 0.91005, 2, 6, 256.21, 95.33, 0.41903, 10, 73.49, 81.55, 0.58097, 2, 10, 109.37, 47.95, 0.87594, 11, -35.94, 79.91, 0.12406, 2, 10, 142.73, 34.79, 0.60984, 11, -13.64, 51.82, 0.39016, 2, 10, 171.82, 39.15, 0.46284, 11, 13.72, 41.04, 0.53716, 1, 11, 28.23, 23.41, 1, 1, 11, 69.38, 26.64, 1, 1, 11, 79.72, 17.65, 1, 2, 11, 85.3, -16.94, 0.38, 12, 34.99, 12.62, 0.62, 1, 13, 37.99, 13.5, 1, 3, 13, 48.33, 0.61, 0.43939, 14, -1.44, 0.94, 0.35745, 15, 3.82, 34.58, 0.20316, 2, 14, 21.06, 2.18, 0.8506, 15, 3.19, 12.05, 0.1494, 3, 13, 42.44, -21.48, 0.0711, 14, 19.86, 9.23, 0.34048, 15, 10.32, 12.66, 0.58842, 1, 15, 18.66, 7.54, 1, 1, 15, 39.03, 6.92, 1, 1, 15, 51.66, 2.77, 1, 1, 15, 39.99, -1.36, 1, 1, 15, 21.17, -6.54, 1, 1, 15, 10.15, -0.84, 1, 2, 14, 35.13, -3.78, 0.44719, 15, -3.91, -1.48, 0.55281, 3, 13, 15.74, -17.23, 0.07011, 14, 32.2, -14.83, 0.66574, 15, -14.68, 2.37, 0.26415, 2, 13, 26.66, -6.71, 0.05673, 14, 17.26, -12.22, 0.94327, 2, 13, 26.59, -0.75, 0.22562, 14, 12.49, -15.8, 0.77438, 2, 13, 14.52, 1.71, 0.73703, 14, 17.63, -26.99, 0.26297, 3, 11, 72.3, -34.72, 0.4673, 12, 39.09, -9.02, 0.48022, 15, -40.64, 1.47, 0.05248, 2, 10, 228.39, 9.53, 0.0474, 11, 47.88, -12.92, 0.9526, 2, 10, 211.62, 0.23, 0.08512, 11, 28.71, -12.57, 0.91488, 2, 10, 195.01, -18.45, 0.50095, 11, 4.98, -20.44, 0.49905, 2, 10, 167.72, -25.97, 0.72439, 11, -22.41, -13.29, 0.27561, 2, 10, 107.32, -12, 0.93057, 11, -67.71, 29.03, 0.06943, 2, 10, 81.4, -7.56, 0.61646, 7, 79.38, 30.85, 0.38354, 1, 7, 102.99, 15.91, 1, 1, 7, 164.9, 32.74, 1, 3, 7, 202.49, 2.92, 0.35896, 8, 26.16, 10, 0.35146, 9, -21.18, 27.78, 0.28958, 2, 8, 43.2, 10.89, 0.50151, 9, -6.87, 18.47, 0.49849, 1, 9, 14.56, 21.9, 1, 1, 9, 39.85, 10.95, 1, 1, 9, 58.98, 13.23, 1, 1, 9, 77.48, 5.57, 1, 1, 9, 47.43, -3.07, 1, 1, 9, 16.77, 1.4, 1, 1, 9, 5.81, -7.96, 1, 2, 8, 49.32, -14.69, 0.70203, 9, -16.98, -5.81, 0.29797, 2, 7, 188.61, -23.86, 0.53034, 8, 20.4, -19.61, 0.46966, 2, 2, 318.04, -10.22, 0.67307, 4, -37.3, 98.01, 0.32693 ],
					"hull": 80,
					"edges": [ 2, 4, 4, 6, 16, 18, 18, 20, 20, 22, 30, 32, 32, 34, 34, 36, 44, 46, 56, 58, 66, 68, 68, 70, 102, 104, 120, 122, 146, 148, 6, 70, 70, 72, 72, 74, 4, 72, 10, 68, 16, 66, 22, 62, 26, 36, 2, 74, 92, 94, 104, 106, 106, 108, 108, 110, 110, 112, 112, 114, 94, 96, 96, 98, 98, 100, 100, 102, 88, 90, 90, 92, 84, 86, 86, 88, 114, 116, 116, 118, 118, 120, 82, 84, 122, 124, 124, 126, 126, 128, 144, 146, 140, 142, 142, 144, 152, 154, 148, 150, 150, 152, 136, 138, 138, 140, 154, 156, 156, 158, 128, 130, 134, 136, 130, 132, 132, 134, 78, 80, 80, 82, 74, 76, 76, 78, 2, 0, 0, 158, 62, 64, 64, 66, 6, 8, 8, 10, 14, 16, 24, 26, 22, 24, 36, 38, 38, 40, 24, 38, 58, 60, 60, 62, 24, 160, 160, 60, 160, 40, 26, 28, 28, 30, 28, 34, 46, 48, 54, 56, 48, 50, 50, 52, 52, 54, 40, 42, 42, 44, 42, 50, 52, 40, 10, 12, 12, 14 ],
					"width": 1295,
					"height": 505
				}
			},
			"sceneSpecialFlagAn2": {
				"sceneSpecialFlagAn": {
					"type": "mesh",
					"uvs": [ 0.19092, 5.0E-4, 0.30014, 0.09158, 0.38676, 0.43423, 0.41412, 0.47567, 0.43975, 0.49699, 0.45837, 0.49797, 0.47144, 0.48497, 0.46911, 0.4439, 0.48941, 0.35901, 0.56053, 0.23532, 0.65887, 0.18521, 0.68812, 0.30261, 0.70282, 0.32357, 0.73504, 0.09545, 0.81795, 0.05628, 0.86143, 0.03574, 0.89603, 0.20495, 0.84246, 0.17076, 0.82294, 0.24098, 0.83409, 0.34911, 0.86695, 0.44453, 0.90236, 0.41542, 0.92566, 0.39627, 0.99547, 0.69034, 0.99301, 0.72927, 0.9548, 0.69819, 0.9251, 0.75001, 0.95052, 0.87889, 0.92211, 0.99804, 0.84437, 0.99778, 0.78235, 0.90289, 0.71589, 0.80122, 0.57111, 0.86582, 0.51584, 0.94998, 0.46098, 0.99847, 0.34655, 0.94627, 0.2673, 0.60888, 0.22995, 0.34324, 0.19632, 0.29806, 0.16879, 0.29056, 0.14804, 0.31424, 0.13047, 0.31026, 0.10998, 0.37286, 0.09943, 0.37498, 0.07736, 0.33485, 0.05462, 0.3726, 0.04233, 0.36388, 0.04149, 0.31929, 0.03604, 0.32158, 0.02931, 0.31274, 0.01359, 0.31457, 0.00362, 0.30828, 0.01237, 0.29837, 0.02655, 0.2853, 0.03537, 0.29489, 0.04616, 0.29152, 0.05468, 0.29748, 0.05259, 0.32702, 0.05533, 0.33652, 0.06399, 0.32649, 0.07461, 0.29181, 0.09983, 0.28759, 0.1104, 0.26099, 0.11891, 0.21657, 0.13768, 0.1878, 0.18551, 0.18257, 0.20571, 0.17735, 0.1899, 0.13969, 0.14053, 0.14997, 0.11622, 0.07827, 0.10417, 0.06454, 0.08825, 0.07796, 0.06763, 0.06446, 0.05332, 0.07491, 0.03828, 0.06572, 0.06014, 0.03941, 0.08406, 0.03857, 0.09128, 0.01682, 0.10892, 0.0139, 0.13054, 0.03119, 0.74438, 0.62632 ],
					"triangles": [ 72, 75, 76, 70, 77, 78, 76, 77, 70, 73, 74, 75, 73, 75, 72, 71, 76, 70, 72, 76, 71, 69, 70, 78, 79, 69, 78, 67, 79, 0, 66, 67, 0, 68, 79, 67, 69, 79, 68, 1, 66, 0, 49, 53, 54, 50, 52, 53, 49, 50, 53, 51, 52, 50, 47, 54, 55, 48, 49, 54, 47, 48, 54, 57, 55, 56, 47, 55, 57, 46, 47, 57, 46, 57, 58, 45, 46, 58, 45, 58, 59, 45, 59, 44, 59, 60, 44, 41, 63, 64, 40, 41, 64, 62, 63, 41, 44, 60, 61, 41, 42, 61, 41, 61, 62, 43, 44, 61, 42, 43, 61, 39, 64, 65, 38, 65, 66, 39, 65, 38, 39, 40, 64, 37, 66, 1, 38, 66, 37, 37, 1, 2, 36, 37, 2, 3, 35, 36, 3, 36, 2, 35, 3, 4, 35, 4, 34, 6, 7, 8, 33, 6, 8, 5, 6, 33, 4, 5, 34, 31, 11, 80, 11, 32, 9, 11, 9, 10, 32, 11, 31, 33, 8, 32, 31, 80, 30, 9, 32, 8, 34, 5, 33, 13, 14, 18, 18, 12, 13, 12, 18, 19, 80, 12, 19, 80, 19, 20, 80, 20, 26, 80, 11, 12, 30, 80, 26, 29, 30, 26, 28, 29, 26, 27, 28, 26, 17, 14, 15, 17, 15, 16, 18, 14, 17, 25, 22, 23, 21, 22, 25, 24, 25, 23, 25, 20, 21, 26, 20, 25 ],
					"vertices": [ 1, 22, 114.59, -53.43, 1, 2, 21, 328.62, -43.12, 0.50141, 22, -32.88, -34.15, 0.49859, 2, 19, 388.36, -108.68, 0.08479, 21, 123.58, -65.15, 0.91521, 3, 19, 359.07, -79.77, 0.17578, 20, 95.79, -95.15, 0.10651, 21, 88.92, -87.33, 0.71771, 3, 19, 329.49, -61.25, 0.24826, 20, 70.28, -71.34, 0.36228, 21, 64.34, -112.1, 0.38947, 3, 19, 306.22, -54.91, 0.29139, 20, 48.64, -60.69, 0.50838, 21, 53.01, -133.39, 0.20023, 3, 19, 288.2, -57.16, 0.28506, 20, 30.52, -59.46, 0.59704, 21, 51.23, -151.47, 0.1179, 2, 19, 286.09, -78.02, 0.276, 20, 24.47, -79.54, 0.724, 2, 19, 250.17, -113.21, 0.29711, 20, -17.49, -107.24, 0.70289, 2, 19, 145.65, -151.41, 0.91264, 20, -127.37, -124.85, 0.08736, 1, 19, 15.97, -144.99, 1, 2, 17, 192.03, -137.32, 0.10244, 19, -6.36, -78.28, 0.89756, 2, 17, 195, -115.74, 0.85431, 19, -22.26, -63.38, 0.14569, 1, 17, 72.52, -118.55, 1, 1, 16, 1245.71, 33.73, 1, 1, 16, 1229.59, -21.21, 1, 1, 16, 1133.11, -22.68, 1, 1, 16, 1179.8, 31.45, 1, 2, 16, 1159.54, 70.01, 0.20135, 17, 99.81, 14.16, 0.79865, 2, 16, 1104.3, 81.75, 0.34692, 17, 145.49, 47.38, 0.65308, 2, 16, 1042.1, 65.48, 0.71825, 17, 175.01, 104.5, 0.28175, 1, 16, 1034.54, 17.92, 1, 1, 16, 1029.57, -13.36, 1, 1, 16, 856.25, -27.11, 1, 1, 16, 840.14, -15.4, 1, 1, 16, 876.47, 21.7, 1, 2, 16, 870.45, 67.83, 0.33527, 17, 291.55, 230.54, 0.66473, 2, 17, 340.3, 284.79, 0.62152, 19, -265.22, 286.62, 0.37848, 2, 17, 409.71, 272.28, 0.54569, 19, -214.92, 336.04, 0.45431, 2, 17, 446.03, 178.39, 0.75272, 19, -117.3, 311.44, 0.24728, 2, 17, 430.44, 86.17, 0.53529, 19, -51.03, 245.44, 0.46471, 2, 17, 413.73, -12.65, 0.16054, 19, 19.97, 174.71, 0.83946, 1, 19, 209.77, 160.77, 1, 3, 19, 289.52, 184.6, 0.61848, 20, 77.85, 177.62, 0.17688, 21, -184.28, -96.83, 0.20464, 3, 19, 364.39, 191.08, 0.48254, 20, 152.58, 169.73, 0.30707, 21, -174.08, -22.37, 0.21038, 3, 19, 501.72, 129.49, 0.16464, 20, 275.67, 83.12, 0.37179, 21, -83.69, 97.98, 0.46357, 3, 19, 559.85, -60.73, 0.03207, 20, 296.52, -114.69, 0.05788, 21, 114.67, 112.7, 0.91005, 2, 21, 256.21, 95.33, 0.41903, 25, 73.49, 81.55, 0.58097, 2, 25, 109.37, 47.95, 0.87594, 26, -35.94, 79.91, 0.12406, 2, 25, 142.73, 34.79, 0.60984, 26, -13.64, 51.82, 0.39016, 2, 25, 171.82, 39.15, 0.46284, 26, 13.72, 41.04, 0.53716, 1, 26, 28.23, 23.41, 1, 1, 26, 69.38, 26.64, 1, 1, 26, 79.72, 17.65, 1, 2, 26, 85.3, -16.94, 0.38, 27, 34.99, 12.62, 0.62, 1, 28, 37.99, 13.5, 1, 3, 28, 48.33, 0.61, 0.43939, 29, -1.44, 0.94, 0.35745, 30, 3.82, 34.58, 0.20316, 2, 29, 21.06, 2.18, 0.8506, 30, 3.19, 12.05, 0.1494, 3, 28, 42.44, -21.48, 0.0711, 29, 19.86, 9.23, 0.34048, 30, 10.32, 12.66, 0.58842, 1, 30, 18.66, 7.54, 1, 1, 30, 39.03, 6.92, 1, 1, 30, 51.66, 2.77, 1, 1, 30, 39.99, -1.36, 1, 1, 30, 21.17, -6.54, 1, 1, 30, 10.15, -0.84, 1, 2, 29, 35.13, -3.78, 0.44719, 30, -3.91, -1.48, 0.55281, 3, 28, 15.74, -17.23, 0.07011, 29, 32.2, -14.83, 0.66574, 30, -14.68, 2.37, 0.26415, 2, 28, 26.66, -6.71, 0.05673, 29, 17.26, -12.22, 0.94327, 2, 28, 26.59, -0.75, 0.22562, 29, 12.49, -15.8, 0.77438, 2, 28, 14.52, 1.71, 0.73703, 29, 17.63, -26.99, 0.26297, 3, 26, 72.3, -34.72, 0.4673, 27, 39.09, -9.02, 0.48022, 30, -40.64, 1.47, 0.05248, 2, 25, 228.39, 9.53, 0.0474, 26, 47.88, -12.92, 0.9526, 2, 25, 211.62, 0.23, 0.08512, 26, 28.71, -12.57, 0.91488, 2, 25, 195.01, -18.45, 0.50095, 26, 4.98, -20.44, 0.49905, 2, 25, 167.72, -25.97, 0.72439, 26, -22.41, -13.29, 0.27561, 2, 25, 107.32, -12, 0.93057, 26, -67.71, 29.03, 0.06943, 2, 25, 81.4, -7.56, 0.61646, 22, 79.38, 30.85, 0.38354, 1, 22, 102.99, 15.91, 1, 1, 22, 164.9, 32.74, 1, 3, 22, 202.49, 2.92, 0.35896, 23, 26.16, 10, 0.35146, 24, -21.18, 27.78, 0.28958, 2, 23, 43.2, 10.89, 0.50151, 24, -6.87, 18.47, 0.49849, 1, 24, 14.56, 21.9, 1, 1, 24, 39.85, 10.95, 1, 1, 24, 58.98, 13.23, 1, 1, 24, 77.48, 5.57, 1, 1, 24, 47.43, -3.07, 1, 1, 24, 16.77, 1.4, 1, 1, 24, 5.81, -7.96, 1, 2, 23, 49.32, -14.69, 0.70203, 24, -16.98, -5.81, 0.29797, 2, 22, 188.61, -23.86, 0.53034, 23, 20.4, -19.61, 0.46966, 2, 17, 318.04, -10.22, 0.67307, 19, -37.3, 98.01, 0.32693 ],
					"hull": 80,
					"edges": [ 2, 4, 4, 6, 16, 18, 18, 20, 20, 22, 30, 32, 32, 34, 34, 36, 44, 46, 56, 58, 66, 68, 68, 70, 102, 104, 120, 122, 146, 148, 6, 70, 70, 72, 72, 74, 4, 72, 10, 68, 16, 66, 22, 62, 26, 36, 2, 74, 92, 94, 104, 106, 106, 108, 108, 110, 110, 112, 112, 114, 94, 96, 96, 98, 98, 100, 100, 102, 88, 90, 90, 92, 84, 86, 86, 88, 114, 116, 116, 118, 118, 120, 82, 84, 122, 124, 124, 126, 126, 128, 144, 146, 140, 142, 142, 144, 152, 154, 148, 150, 150, 152, 136, 138, 138, 140, 154, 156, 156, 158, 128, 130, 134, 136, 130, 132, 132, 134, 78, 80, 80, 82, 74, 76, 76, 78, 2, 0, 0, 158, 62, 64, 64, 66, 6, 8, 8, 10, 14, 16, 24, 26, 22, 24, 36, 38, 38, 40, 24, 38, 58, 60, 60, 62, 24, 160, 160, 60, 160, 40, 26, 28, 28, 30, 28, 34, 46, 48, 54, 56, 48, 50, 50, 52, 52, 54, 40, 42, 42, 44, 42, 50, 52, 40, 10, 12, 12, 14 ],
					"width": 1295,
					"height": 505
				}
			},
			"sceneSpecialFlagPike2": {
				"sceneSpecialFlagPike": {
					"type": "mesh",
					"uvs": [ 1, 1, 0, 1, 0, 0, 1, 0 ],
					"triangles": [ 0, 1, 2, 0, 2, 3 ],
					"vertices": [ 1, 1, -51.62, -58.62, 1, 1, 1, -51.62, 77.38, 1, 1, 1, 1643.38, 77.38, 1, 1, 1, 1643.38, -58.62, 1 ],
					"hull": 4,
					"edges": [ 0, 2, 2, 4, 4, 6, 0, 6 ],
					"width": 136,
					"height": 1695
				}
			},
			"sceneSpecialFlagPike3": {
				"sceneSpecialFlagPike": {
					"type": "mesh",
					"uvs": [ 1, 1, 0, 1, 0, 0, 1, 0 ],
					"triangles": [ 0, 1, 2, 0, 2, 3 ],
					"vertices": [ 1, 16, -51.62, -58.62, 1, 1, 16, -51.62, 77.38, 1, 1, 16, 1643.38, 77.38, 1, 1, 16, 1643.38, -58.62, 1 ],
					"hull": 4,
					"edges": [ 0, 2, 2, 4, 4, 6, 0, 6 ],
					"width": 136,
					"height": 1695
				}
			},
			"sceneSpecialPawn": {
				"sceneSpecialPawn": { "x": 86.67, "y": -9.15, "width": 328, "height": 227 }
			},
			"sceneSpecialPawn2": {
				"sceneSpecialPawn": {
					"x": -25.92,
					"y": 11.76,
					"scaleX": -0.54,
					"scaleY": 0.6,
					"rotation": -1.2,
					"width": 328,
					"height": 227
				}
			},
			"shineCurvedYellow": {
				"shineCurvedYellow": { "x": -0.49, "y": -7.16, "width": 135, "height": 68 }
			},
			"shineCurvedYellow2": {
				"shineCurvedYellow": { "x": 44.03, "y": 77.79, "rotation": -12.78, "width": 135, "height": 68 }
			},
			"shineCurvedYellow3": {
				"shineCurvedYellow": { "x": -0.49, "y": -7.16, "width": 135, "height": 68 }
			},
			"shineCurvedYellow4": {
				"shineCurvedYellow": { "x": -0.49, "y": -7.16, "rotation": 3.6, "width": 135, "height": 68 }
			},
			"shineCurvedYellow5": {
				"shineCurvedYellow": {
					"x": -61.62,
					"y": 39.32,
					"scaleX": 0.9493,
					"scaleY": 1.3835,
					"rotation": 45.91,
					"width": 135,
					"height": 68
				}
			},
			"shineCurvedYellow6": {
				"shineCurvedYellow": { "x": -0.49, "y": -7.16, "width": 135, "height": 68 }
			},
			"shineCurvedYellow7": {
				"shineCurvedYellow": { "x": -0.49, "y": -7.16, "width": 135, "height": 68 }
			},
			"shineCurvedYellow8": {
				"shineCurvedYellow": {
					"x": -61.62,
					"y": 39.32,
					"scaleX": 0.9493,
					"scaleY": 1.3835,
					"rotation": 45.91,
					"width": 135,
					"height": 68
				}
			},
			"shineYellow": {
				"shineYellow": { "x": -1.83, "y": 0.03, "width": 128, "height": 52 }
			},
			"shineYellow2": {
				"shineYellow": { "x": -1.83, "y": 0.03, "width": 128, "height": 52 }
			},
			"shineYellow3": {
				"shineYellow": { "x": -1.83, "y": 0.03, "width": 128, "height": 52 }
			},
			"shineYellow5": {
				"shineYellow": { "x": -1.83, "y": 0.03, "width": 128, "height": 52 }
			},
			"shineYellow6": {
				"shineYellow": { "x": -1.83, "y": 0.03, "width": 128, "height": 52 }
			},
			"slotSpecialStoneLAn": {
				"slotSpecialStoneLAn": { "x": -46.5, "y": -889.5, "width": 291, "height": 293 }
			},
			"slotSpecialStoneLAnAdd": {
				"slotSpecialStoneLAn": { "x": -46.5, "y": -889.5, "width": 291, "height": 293 }
			},
			"slotSpecialStoneRAn": {
				"slotSpecialStoneRAn": { "x": 1086, "y": -889.54, "width": 258, "height": 285 }
			},
			"slotSpecialStoneRAnAdd": {
				"slotSpecialStoneRAn": { "x": 1086, "y": -889.54, "width": 258, "height": 285 }
			},
			"winBlink": {
				"winBlink": { "x": -0.55, "y": -3.21, "width": 81, "height": 81 }
			},
			"winBlink2": {
				"winBlink": { "x": -0.55, "y": -3.21, "rotation": 21.25, "width": 81, "height": 81 }
			},
			"winBlink3": {
				"winBlink": { "x": -0.55, "y": -3.21, "rotation": 21.25, "width": 81, "height": 81 }
			}
		}
	}
],
"animations": {
	"megaWinHide": {
		"slots": {
			"extraWinPawn": {
				"color": [
					{ "color": "ffffffff" },
					{ "time": 0.5, "color": "ffffff00" }
				]
			},
			"extraWinPawn2": {
				"color": [
					{ "color": "ffffffff" },
					{ "time": 0.5, "color": "ffffff00" }
				]
			},
			"extraWinPawn4": {
				"color": [
					{ "color": "ffffffff" },
					{ "time": 0.5, "color": "ffffff00" }
				]
			},
			"freeSpinsSplashPawn1": {
				"color": [
					{ "color": "ffffffff" },
					{ "time": 0.5, "color": "ffffff00" }
				]
			},
			"megaWinArena": {
				"color": [
					{ "time": 0.0667, "color": "ffffffff" },
					{ "time": 0.3333, "color": "ffffff00" }
				]
			},
			"megaWinGlow": {
				"color": [
					{ "time": 0.0667, "color": "ffffffff" },
					{ "time": 0.5, "color": "ffffff00" }
				],
				"attachment": [
					{ "time": 0.5, "name": null }
				]
			},
			"sceneSlotSpecial2": {
				"color": [
					{ "time": 0.0667, "color": "ffffffff" },
					{ "time": 0.5, "color": "ffffff00" }
				],
				"attachment": [
					{ "time": 0.5, "name": null }
				]
			},
			"sceneSlotSpecialAdd": {
				"attachment": [
					{ "time": 0.5, "name": null }
				]
			},
			"sceneSlotSpecialKing": {
				"color": [
					{ "color": "ffffff00" }
				]
			},
			"sceneSlotSpecialKnight": {
				"color": [
					{ "color": "ffffffff" },
					{ "time": 0.3333, "color": "ffffff00" }
				]
			},
			"sceneSlotSpecialKnight2": {
				"color": [
					{ "color": "ffffffff" },
					{ "time": 0.3333, "color": "ffffff00" }
				]
			},
			"sceneSpecialFlagAn": {
				"color": [
					{ "color": "ffffffff" },
					{ "time": 0.5, "color": "ffffff00" }
				]
			},
			"sceneSpecialFlagAn2": {
				"color": [
					{ "color": "ffffffff" },
					{ "time": 0.5, "color": "ffffff00" }
				]
			},
			"sceneSpecialFlagPike2": {
				"color": [
					{ "color": "ffffffff" },
					{ "time": 0.5, "color": "ffffff00" }
				]
			},
			"sceneSpecialFlagPike3": {
				"color": [
					{ "color": "ffffffff" },
					{ "time": 0.5, "color": "ffffff00" }
				]
			},
			"sceneSpecialPawn": {
				"color": [
					{ "color": "ffffffff" },
					{ "time": 0.5, "color": "ffffff00" }
				]
			},
			"sceneSpecialPawn2": {
				"color": [
					{ "color": "ffffffff" },
					{ "time": 0.5, "color": "ffffff00" }
				]
			},
			"shineCurvedYellow": {
				"color": [
					{ "color": "ffffff00" }
				]
			},
			"shineCurvedYellow2": {
				"color": [
					{ "color": "ffffff00" }
				]
			},
			"shineCurvedYellow3": {
				"color": [
					{ "color": "ffffff00" }
				]
			},
			"shineCurvedYellow4": {
				"color": [
					{ "color": "ffffff00" }
				]
			},
			"shineCurvedYellow5": {
				"color": [
					{ "color": "ffffff00" }
				]
			},
			"shineCurvedYellow6": {
				"color": [
					{ "color": "ffffff00" }
				]
			},
			"shineCurvedYellow7": {
				"color": [
					{ "color": "ffffff00" }
				]
			},
			"shineCurvedYellow8": {
				"color": [
					{ "color": "ffffff00" }
				]
			},
			"shineYellow": {
				"color": [
					{ "color": "ffffff00" }
				]
			},
			"shineYellow2": {
				"color": [
					{ "color": "ffffff00" }
				]
			},
			"shineYellow3": {
				"color": [
					{ "color": "ffffff00" }
				]
			},
			"shineYellow5": {
				"color": [
					{ "color": "ffffff00" }
				]
			},
			"shineYellow6": {
				"color": [
					{ "color": "ffffff00" }
				]
			},
			"slotSpecialStoneLAn": {
				"color": [
					{ "time": 0.0667, "color": "ffffffff" },
					{ "time": 0.3333, "color": "ffffff00" }
				]
			},
			"slotSpecialStoneLAnAdd": {
				"color": [
					{ "color": "ffffff00" }
				]
			},
			"slotSpecialStoneRAn": {
				"color": [
					{ "time": 0.0667, "color": "ffffffff" },
					{ "time": 0.3333, "color": "ffffff00" }
				]
			},
			"slotSpecialStoneRAnAdd": {
				"color": [
					{ "color": "ffffff00" }
				]
			},
			"winBlink": {
				"color": [
					{ "color": "ffffff00" }
				]
			},
			"winBlink2": {
				"color": [
					{ "color": "ffffff00" }
				]
			},
			"winBlink3": {
				"color": [
					{ "color": "ffffff00" }
				]
			}
		},
		"bones": {
			"bone5": {
				"rotate": [
					{ "angle": 13.01 }
				],
				"translate": [
					{ "x": 1.58, "y": 3.45 }
				]
			},
			"bone2": {
				"rotate": [
					{ "angle": 3.74 }
				],
				"shear": [
					{ "x": -11.02, "y": -8.59 }
				]
			},
			"bone4": {
				"rotate": [
					{ "angle": -10.83 }
				],
				"translate": [
					{ "x": 12.34, "y": 12.47 }
				],
				"scale": [
					{ "x": 1.037, "y": 1.114 }
				],
				"shear": [
					{ "y": -11.64 }
				]
			},
			"bone3": {
				"rotate": [
					{ "angle": -9.31 }
				]
			},
			"top2": {
				"rotate": [
					{ "angle": -58.53 }
				]
			},
			"top1": {
				"rotate": [
					{ "angle": 36.87 }
				]
			},
			"top": {
				"rotate": [
					{ "angle": -15.42 }
				],
				"scale": [
					{ "y": 1.076 }
				],
				"shear": [
					{ "x": -18.79, "y": 24.75 }
				]
			},
			"bot5": {
				"rotate": [
					{ "angle": -89.91 }
				]
			},
			"bot4": {
				"rotate": [
					{ "angle": 106.59 }
				]
			},
			"bot3": {
				"rotate": [
					{ "angle": 7.41 }
				],
				"translate": [
					{ "x": -3.34, "y": 10.45 }
				]
			},
			"bot2": {
				"rotate": [
					{ "angle": -4.55 }
				]
			},
			"bot1": {
				"rotate": [
					{ "angle": -10.71 }
				]
			},
			"bot": {
				"rotate": [
					{ "angle": -39.01 }
				],
				"scale": [
					{ "x": 0.909, "y": 1.107 }
				],
				"shear": [
					{ "x": -8.54, "y": 12.79 }
				]
			},
			"bone6": {
				"scale": [
					{ "x": 0.966, "y": 1.296 }
				],
				"shear": [
					{ "x": 12.52, "y": 2.23 }
				]
			}
		}
	},
	"megaWinLoop": {
		"slots": {
			"shineCurvedYellow": {
				"color": [
					{ "color": "ffffff00", "curve": "stepped" },
					{ "time": 0.15, "color": "ffffff00" },
					{ "time": 0.3833, "color": "ffffffff" },
					{ "time": 0.7, "color": "ffffff00" }
				]
			},
			"shineCurvedYellow2": {
				"color": [
					{ "color": "ffffff00", "curve": "stepped" },
					{ "time": 0.5, "color": "ffffff00" },
					{ "time": 0.6333, "color": "ffffffff", "curve": "stepped" },
					{ "time": 1.0167, "color": "ffffffff" },
					{ "time": 1.15, "color": "ffffff00" }
				]
			},
			"shineCurvedYellow3": {
				"color": [
					{ "color": "ffffff00", "curve": "stepped" },
					{ "time": 0.15, "color": "ffffff00" },
					{ "time": 0.3833, "color": "ffffffff" },
					{ "time": 0.7, "color": "ffffff00" }
				]
			},
			"shineCurvedYellow4": {
				"color": [
					{ "color": "ffffff00" },
					{ "time": 0.3333, "color": "ffffffff" },
					{ "time": 0.6667, "color": "ffffff00" }
				]
			},
			"shineCurvedYellow5": {
				"color": [
					{ "color": "ffffff00", "curve": "stepped" },
					{ "time": 0.5, "color": "ffffff00" },
					{ "time": 1, "color": "ffffffff" },
					{ "time": 1.5, "color": "ffffff00" }
				]
			},
			"shineCurvedYellow6": {
				"color": [
					{ "color": "ffffff00", "curve": "stepped" },
					{ "time": 0.6667, "color": "ffffff00" },
					{ "time": 1.0167, "color": "ffffffff" },
					{ "time": 1.4833, "color": "ffffff00" }
				]
			},
			"shineCurvedYellow7": {
				"color": [
					{ "color": "ffffff00", "curve": "stepped" },
					{ "time": 0.75, "color": "ffffff00" },
					{ "time": 1.1, "color": "ffffffff" },
					{ "time": 1.5667, "color": "ffffff00" }
				]
			},
			"shineCurvedYellow8": {
				"color": [
					{ "color": "ffffff00", "curve": "stepped" },
					{ "time": 0.5, "color": "ffffff00" },
					{ "time": 1, "color": "ffffffff" },
					{ "time": 1.5, "color": "ffffff00" }
				]
			},
			"shineYellow": {
				"color": [
					{ "color": "ffffff00", "curve": "stepped" },
					{ "time": 0.3167, "color": "ffffff00" },
					{ "time": 0.5833, "color": "ffffffff", "curve": "stepped" },
					{ "time": 1.0667, "color": "ffffffff" },
					{ "time": 1.3333, "color": "ffffff00" }
				]
			},
			"shineYellow2": {
				"color": [
					{ "color": "ffffff00", "curve": "stepped" },
					{ "time": 0.3333, "color": "ffffff00" },
					{ "time": 0.9167, "color": "ffffffff" },
					{ "time": 1.5, "color": "ffffff00" }
				]
			},
			"shineYellow3": {
				"color": [
					{ "color": "ffffff00", "curve": "stepped" },
					{ "time": 0.3333, "color": "ffffff00" },
					{ "time": 0.9167, "color": "ffffffff" },
					{ "time": 1.5, "color": "ffffff00" }
				]
			},
			"shineYellow5": {
				"color": [
					{ "color": "ffffff00", "curve": "stepped" },
					{ "time": 1, "color": "ffffff00" },
					{ "time": 1.3333, "color": "ffffffff" },
					{ "time": 1.6667, "color": "ffffff00" }
				]
			},
			"shineYellow6": {
				"color": [
					{ "color": "ffffff00", "curve": "stepped" },
					{ "time": 1, "color": "ffffff00" },
					{ "time": 1.3333, "color": "ffffffff" },
					{ "time": 1.6667, "color": "ffffff00" }
				]
			},
			"winBlink": {
				"color": [
					{ "color": "ffffff00", "curve": "stepped" },
					{ "time": 0.6667, "color": "ffffff00" },
					{ "time": 1, "color": "ffffffff" },
					{ "time": 1.3333, "color": "ffffff00" }
				]
			},
			"winBlink2": {
				"color": [
					{ "color": "ffffff00" },
					{ "time": 0.3333, "color": "ffffffff" },
					{ "time": 0.6667, "color": "ffffff00" }
				]
			},
			"winBlink3": {
				"color": [
					{ "color": "ffffff00", "curve": "stepped" },
					{ "time": 0.5, "color": "ffffff00" },
					{ "time": 0.8333, "color": "ffffffff" },
					{ "time": 1.1667, "color": "ffffff00" }
				]
			}
		},
		"bones": {
			"top2": {
				"rotate": [
					{ "angle": -58.53, "curve": 0.349, "c2": 0.43, "c3": 0.683, "c4": 0.77 },
					{ "time": 0.1667, "angle": -61.99, "curve": 0.34, "c2": 0.4, "c3": 0.673, "c4": 0.73 },
					{ "time": 0.6667, "angle": -29.21, "curve": 0.348, "c2": 0.66, "c3": 0.681 },
					{ "time": 1.6667, "angle": -58.53 }
				]
			},
			"top1": {
				"rotate": [
					{ "angle": 36.87, "curve": 0.349, "c2": 0.43, "c3": 0.683, "c4": 0.77 },
					{ "time": 0.1667, "angle": 39.05, "curve": 0.354, "c2": 0.65, "c3": 0.688 },
					{ "time": 0.6667, "angle": 23.2, "curve": 0.356, "c2": 0.41, "c3": 0.703, "c4": 0.8 },
					{ "time": 1.6667, "angle": 36.87 }
				]
			},
			"top": {
				"rotate": [
					{ "angle": -15.42, "curve": 0.325, "c2": 0.31, "c3": 0.663, "c4": 0.65 },
					{ "time": 0.1667, "angle": -5.52, "curve": 0.375, "c2": 0.5, "c3": 0.75 },
					{ "time": 0.6667, "angle": -3.04, "curve": 0.375, "c2": 0.5, "c3": 0.75 },
					{ "time": 1.3333, "angle": -10.65, "curve": 0.311, "c2": 0.25, "c3": 0.649, "c4": 0.6 },
					{ "time": 1.6667, "angle": -15.42 }
				],
				"scale": [
					{ "y": 1.076, "curve": 0.349, "c2": 0.43, "c3": 0.683, "c4": 0.77 },
					{ "time": 0.1667, "y": 1.081, "curve": 0.354, "c2": 0.65, "c3": 0.688 },
					{ "time": 0.6667, "y": 1.019, "curve": 0.327, "c2": 0.31, "c3": 0.711, "c4": 0.81 },
					{ "time": 1.6667, "y": 1.076 }
				],
				"shear": [
					{ "x": -18.79, "y": 24.75, "curve": 0.351, "c2": 0.4, "c3": 0.689, "c4": 0.75 },
					{ "time": 0.1667, "x": -21.73, "y": 21.32, "curve": 0.371, "c2": 0.62, "c3": 0.71 },
					{ "time": 0.6667, "x": -6.03, "y": 16.3, "curve": 0.375, "c2": 0.5, "c3": 0.75 },
					{
						"time": 1.3333,
						"x": -12.06,
						"y": 32.59,
						"curve": 0.325,
						"c2": 0.31,
						"c3": 0.675,
						"c4": 0.69
					},
					{ "time": 1.6667, "x": -18.79, "y": 24.75 }
				]
			},
			"bot5": {
				"rotate": [
					{ "angle": -89.91, "curve": 0.351, "c2": 0.42, "c3": 0.686, "c4": 0.76 },
					{ "time": 0.2333, "angle": -87.98, "curve": 0.359, "c2": 0.64, "c3": 0.694 },
					{ "time": 0.6667, "angle": -32.22, "curve": 0.314, "c2": 0.27, "c3": 0.66, "c4": 0.64 },
					{ "time": 1.3333, "angle": -93.49, "curve": 0.348, "c2": 0.39, "c3": 0.684, "c4": 0.73 },
					{ "time": 1.6667, "angle": -89.91 }
				]
			},
			"bot4": {
				"rotate": [
					{ "angle": 106.59, "curve": 0.351, "c2": 0.42, "c3": 0.686, "c4": 0.76 },
					{ "time": 0.2333, "angle": 96.27, "curve": 0.359, "c2": 0.64, "c3": 0.694 },
					{ "time": 0.6667, "angle": 54.15, "curve": 0.32, "c2": 0.29, "c3": 0.662, "c4": 0.65 },
					{ "time": 1.3333, "angle": 125.76, "curve": 0.348, "c2": 0.39, "c3": 0.684, "c4": 0.73 },
					{ "time": 1.6667, "angle": 106.59 }
				]
			},
			"bot3": {
				"rotate": [
					{ "angle": 7.41, "curve": 0.345, "c2": 0.4, "c3": 0.679, "c4": 0.74 },
					{ "time": 0.1667, "angle": 19.58, "curve": 0.34, "c2": 0.39, "c3": 0.674, "c4": 0.73 },
					{ "time": 0.3167, "angle": 9.46, "curve": 0.342, "c2": 0.45, "c3": 0.675, "c4": 0.78 },
					{ "time": 0.6667, "angle": 2.32, "curve": 0.342, "c2": 0.66, "c3": 0.675 },
					{ "time": 1.3333, "angle": -29.11, "curve": 0.351, "c2": 0.4, "c3": 0.687, "c4": 0.75 },
					{ "time": 1.6667, "angle": 7.41 }
				],
				"translate": [
					{ "x": -3.34, "y": 10.45 }
				]
			},
			"bot2": {
				"rotate": [
					{ "angle": -4.55, "curve": 0.352, "c2": 0.46, "c3": 0.687, "c4": 0.8 },
					{ "time": 0.1667, "angle": -9.76, "curve": 0.35, "c2": 0.65, "c3": 0.684 },
					{ "time": 0.6667, "angle": 2.63, "curve": 0.318, "c2": 0.29, "c3": 0.664, "c4": 0.66 },
					{ "time": 1.3333, "angle": 6.93, "curve": 0.351, "c2": 0.4, "c3": 0.687, "c4": 0.75 },
					{ "time": 1.6667, "angle": -4.55 }
				]
			},
			"bot1": {
				"rotate": [
					{ "angle": -10.71, "curve": 0.342, "c2": 0.38, "c3": 0.676, "c4": 0.72 },
					{ "time": 0.1667, "angle": -11.98, "curve": 0.345, "c2": 0.42, "c3": 0.678, "c4": 0.76 },
					{ "time": 0.6667, "angle": -3.81, "curve": 0.339, "c2": 0.41, "c3": 0.673, "c4": 0.75 },
					{ "time": 1.3333, "angle": -4.67, "curve": 0.343, "c2": 0.66, "c3": 0.677 },
					{ "time": 1.6667, "angle": -10.71 }
				]
			},
			"bot": {
				"rotate": [
					{ "angle": -39.01, "curve": 0.25, "c3": 0.75 },
					{ "time": 0.6667, "angle": -27.19, "curve": 0.337, "c2": 0.34, "c3": 0.682, "c4": 0.72 },
					{ "time": 1.1667, "angle": -28.22, "curve": 0.381, "c2": 0.59, "c3": 0.729 },
					{ "time": 1.6667, "angle": -39.01 }
				],
				"scale": [
					{ "x": 0.909, "y": 1.107, "curve": 0.313, "c2": 0.24, "c3": 0.648, "c4": 0.58 },
					{
						"time": 0.6667,
						"x": 0.948,
						"y": 1.061,
						"curve": 0.321,
						"c2": 0.29,
						"c3": 0.656,
						"c4": 0.63
					},
					{
						"time": 1.3333,
						"x": 0.896,
						"y": 1.122,
						"curve": 0.32,
						"c2": 0.23,
						"c3": 0.654,
						"c4": 0.57
					},
					{ "time": 1.6667, "x": 0.909, "y": 1.107 }
				],
				"shear": [
					{ "x": -8.54, "y": 12.79, "curve": 0.351, "c2": 0.4, "c3": 0.757 },
					{ "time": 0.6667, "curve": 0.25, "c3": 0.75 },
					{ "time": 1.3333, "x": -2.91, "y": -12.02, "curve": 0.265, "c3": 0.618, "c4": 0.43 },
					{ "time": 1.6667, "x": -8.54, "y": 12.79 }
				]
			},
			"bone6": {
				"rotate": [
					{ "curve": 0.381, "c2": 0.55, "c3": 0.742 },
					{ "time": 0.6667, "angle": 6.18, "curve": 0.245, "c3": 0.637, "c4": 0.56 },
					{ "time": 1.6667 }
				],
				"scale": [
					{ "x": 0.966, "y": 1.296, "curve": 0.344, "c2": 0.37, "c3": 0.678, "c4": 0.71 },
					{
						"time": 0.1667,
						"x": 0.969,
						"y": 1.31,
						"curve": 0.348,
						"c2": 0.41,
						"c3": 0.682,
						"c4": 0.75
					},
					{
						"time": 0.6667,
						"x": 0.988,
						"y": 1.116,
						"curve": 0.345,
						"c2": 0.43,
						"c3": 0.679,
						"c4": 0.77
					},
					{ "time": 1.1667, "x": 0.951, "y": 1.139, "curve": 0.348, "c2": 0.66, "c3": 0.682 },
					{ "time": 1.6667, "x": 0.966, "y": 1.296 }
				],
				"shear": [
					{ "x": 12.52, "y": 2.23, "curve": 0.246, "c3": 0.634, "c4": 0.54 },
					{ "time": 0.6667, "x": 5.02, "y": 0.89, "curve": 0.38, "c2": 0.53, "c3": 0.744 },
					{ "time": 1.6667, "x": 12.52, "y": 2.23 }
				]
			},
			"bone5": {
				"rotate": [
					{ "angle": 13.01, "curve": 0.347, "c2": 0.38, "c3": 0.683, "c4": 0.73 },
					{ "time": 0.1667, "angle": 12.2, "curve": 0.348, "c2": 0.41, "c3": 0.683, "c4": 0.75 },
					{ "time": 0.6667, "angle": 4.65, "curve": 0.347, "c2": 0.43, "c3": 0.681, "c4": 0.77 },
					{ "time": 1.3333, "angle": 13.27, "curve": 0.35, "c2": 0.65, "c3": 0.684 },
					{ "time": 1.6667, "angle": 13.01 }
				],
				"translate": [
					{ "x": 1.58, "y": 3.45, "curve": 0.324, "c2": 0.3, "c3": 0.667, "c4": 0.67 },
					{ "time": 0.6667, "x": 0.86, "y": 1.88, "curve": 0.381, "c2": 0.54, "c3": 0.744 },
					{
						"time": 1.3333,
						"x": 2.02,
						"y": 4.43,
						"curve": 0.307,
						"c2": 0.24,
						"c3": 0.646,
						"c4": 0.59
					},
					{ "time": 1.6667, "x": 1.58, "y": 3.45 }
				]
			},
			"bone4": {
				"rotate": [
					{ "angle": -10.83, "curve": 0.276, "c3": 0.621, "c4": 0.4 },
					{ "time": 0.6667, "angle": -8.85, "curve": 0.32, "c2": 0.29, "c3": 0.656, "c4": 0.63 },
					{ "time": 1.1667, "angle": -8.79, "curve": 0.33, "c2": 0.32, "c3": 0.665, "c4": 0.66 },
					{ "time": 1.6667, "angle": -10.83 }
				],
				"translate": [
					{ "x": 12.34, "y": 12.47, "curve": 0.276, "c3": 0.621, "c4": 0.4 },
					{
						"time": 0.6667,
						"x": 10.08,
						"y": 10.19,
						"curve": 0.314,
						"c2": 0.27,
						"c3": 0.657,
						"c4": 0.64
					},
					{ "time": 1.6667, "x": 12.34, "y": 12.47 }
				],
				"scale": [
					{ "x": 1.037, "y": 1.114, "curve": 0.325, "c2": 0.31, "c3": 0.663, "c4": 0.65 },
					{
						"time": 0.6667,
						"x": 1.026,
						"y": 1.079,
						"curve": 0.334,
						"c2": 0.34,
						"c3": 0.668,
						"c4": 0.67
					},
					{
						"time": 1.3333,
						"x": 1.037,
						"y": 1.114,
						"curve": 0.338,
						"c2": 0.35,
						"c3": 0.673,
						"c4": 0.68
					},
					{ "time": 1.6667, "x": 1.037, "y": 1.114 }
				],
				"shear": [
					{ "y": -11.64, "curve": 0.345, "c2": 0.4, "c3": 0.679, "c4": 0.74 },
					{ "time": 0.1667, "y": -12.22, "curve": 0.345, "c2": 0.44, "c3": 0.679, "c4": 0.78 },
					{ "time": 0.6667, "y": -2.97, "curve": 0.345, "c2": 0.66, "c3": 0.679 },
					{ "time": 1.6667, "y": -11.64 }
				]
			},
			"bone3": {
				"rotate": [
					{ "angle": -9.31, "curve": 0.276, "c3": 0.621, "c4": 0.4 },
					{ "time": 0.6667, "angle": -7.59, "curve": 0.333, "c2": 0.33, "c3": 0.758 },
					{ "time": 1.1667, "angle": -8.02, "curve": 0.382, "c2": 0.57, "c3": 0.735 },
					{ "time": 1.6667, "angle": -9.31 }
				]
			},
			"bone2": {
				"rotate": [
					{ "angle": 3.74, "curve": 0.276, "c3": 0.621, "c4": 0.4 },
					{ "time": 0.6667, "angle": 3.05, "curve": 0.314, "c2": 0.27, "c3": 0.657, "c4": 0.64 },
					{ "time": 1.3333, "angle": 3.31, "curve": 0.375, "c2": 0.5, "c3": 0.75 },
					{ "time": 1.6667, "angle": 3.74 }
				],
				"shear": [
					{ "x": -11.02, "y": -8.59, "curve": 0.325, "c2": 0.31, "c3": 0.663, "c4": 0.65 },
					{
						"time": 0.6667,
						"x": -7.71,
						"y": -6.02,
						"curve": 0.343,
						"c2": 0.36,
						"c3": 0.686,
						"c4": 0.73
					},
					{ "time": 1.3333, "x": -12.58, "y": -9.81, "curve": 0.379, "c2": 0.6, "c3": 0.724 },
					{ "time": 1.6667, "x": -11.02, "y": -8.59 }
				]
			},
			"top5": {
				"rotate": [
					{ "curve": 0.25, "c3": 0.75 },
					{ "time": 1.1667, "angle": -63.42, "curve": 0.25, "c3": 0.75 },
					{ "time": 1.6667 }
				]
			},
			"top4": {
				"rotate": [
					{ "curve": 0.25, "c3": 0.75 },
					{ "time": 1.1667, "angle": 39.95, "curve": 0.25, "c3": 0.75 },
					{ "time": 1.6667 }
				]
			},
			"top3": {
				"rotate": [
					{ "curve": 0.25, "c3": 0.75 },
					{ "time": 0.6667, "angle": -21.53, "curve": 0.25, "c3": 0.75 },
					{ "time": 1.6667 }
				],
				"scale": [
					{ "curve": 0.25, "c3": 0.75 },
					{ "time": 1.1667, "y": 1.083, "curve": 0.25, "c3": 0.75 },
					{ "time": 1.6667 }
				],
				"shear": [
					{ "curve": 0.25, "c3": 0.75 },
					{ "time": 0.6667, "x": -7.62, "y": 37.76, "curve": 0.25, "c3": 0.75 },
					{ "time": 1.1667, "x": -23.21, "y": 19.59, "curve": 0.25, "c3": 0.75 },
					{ "time": 1.6667 }
				]
			},
			"bot11": {
				"rotate": [
					{ "curve": 0.248, "c3": 0.629, "c4": 0.52 },
					{ "time": 0.6667, "angle": -97.66, "curve": 0.378, "c2": 0.52, "c3": 0.747 },
					{ "time": 1.2333, "angle": -87.14, "curve": 0.25, "c3": 0.75 },
					{ "time": 1.6667 }
				]
			},
			"bot10": {
				"rotate": [
					{ "curve": 0.248, "c3": 0.629, "c4": 0.52 },
					{ "time": 0.6667, "angle": 148.12, "curve": 0.378, "c2": 0.52, "c3": 0.747 },
					{ "time": 1.2333, "angle": 91.76, "curve": 0.25, "c3": 0.75 },
					{ "time": 1.6667 }
				]
			},
			"bot9": {
				"rotate": [
					{ "curve": 0.246, "c3": 0.633, "c4": 0.54 },
					{ "time": 0.6667, "angle": -85.19, "curve": 0.38, "c2": 0.53, "c3": 0.745 },
					{ "time": 1.1667, "angle": 27.95, "curve": 0.269, "c3": 0.618, "c4": 0.42 },
					{ "time": 1.3167, "angle": 0.27, "curve": 0.345, "c2": 0.37, "c3": 0.757 },
					{ "time": 1.6667 }
				],
				"translate": [
					{ "time": 1.3167, "x": -3.34, "y": 10.45 }
				]
			},
			"bot8": {
				"rotate": [
					{ "curve": 0.246, "c3": 0.633, "c4": 0.54 },
					{ "time": 0.6667, "angle": 24.57, "curve": 0.38, "c2": 0.53, "c3": 0.745 },
					{ "time": 1.1667, "angle": -11.01, "curve": 0.25, "c3": 0.75 },
					{ "time": 1.6667 }
				]
			},
			"bot7": {
				"rotate": [
					{ "curve": 0.246, "c3": 0.633, "c4": 0.54 },
					{ "time": 0.6667, "angle": 1.67, "curve": 0.38, "c2": 0.53, "c3": 0.745 },
					{ "time": 1.1667, "angle": -13.45, "curve": 0.25, "c3": 0.75 },
					{ "time": 1.6667 }
				]
			},
			"bot6": {
				"rotate": [
					{ "curve": 0.25, "c3": 0.75 },
					{ "time": 1, "angle": -39.01, "curve": 0.25, "c3": 0.75 },
					{ "time": 1.6667 }
				],
				"scale": [
					{ "curve": 0.25, "c3": 0.75 },
					{ "time": 0.6667, "x": 0.89, "y": 1.129, "curve": 0.265, "c3": 0.618, "c4": 0.43 },
					{ "time": 1.6667 }
				],
				"shear": [
					{ "curve": 0.25, "c3": 0.75 },
					{ "time": 0.6667, "x": -2.91, "y": -12.02, "curve": 0.265, "c3": 0.618, "c4": 0.43 },
					{ "time": 1, "x": -8.54, "y": 12.79, "curve": 0.351, "c2": 0.4, "c3": 0.757 },
					{ "time": 1.6667 }
				]
			},
			"bone11": {
				"scale": [
					{ "curve": 0.25, "c3": 0.75 },
					{ "time": 0.5, "x": 0.936, "y": 1.149, "curve": 0.25, "c3": 0.75 },
					{ "time": 1.1667, "x": 0.973, "y": 1.329, "curve": 0.25, "c3": 0.75 },
					{ "time": 1.6667 }
				],
				"shear": [
					{ "curve": 0.25, "c3": 0.75 },
					{ "time": 1, "x": 12.52, "y": 2.23, "curve": 0.25, "c3": 0.75 },
					{ "time": 1.6667 }
				]
			},
			"bone10": {
				"rotate": [
					{ "curve": 0.25, "c3": 0.75 },
					{ "time": 0.6667, "angle": 16.71, "curve": 0.25, "c3": 0.75 },
					{ "time": 1.1667, "angle": 11.54, "curve": 0.25, "c3": 0.75 },
					{ "time": 1.6667 }
				],
				"translate": [
					{ "curve": 0.25, "c3": 0.75 },
					{ "time": 0.6667, "x": 2.2, "y": 4.81, "curve": 0.25, "c3": 0.75 },
					{ "time": 1.6667 }
				]
			},
			"bone9": {
				"rotate": [
					{ "curve": 0.25, "c3": 0.75 },
					{ "time": 0.5, "angle": -8.74, "curve": 0.25, "c3": 0.75 },
					{ "time": 1, "angle": -10.83, "curve": 0.25, "c3": 0.75 },
					{ "time": 1.6667 }
				],
				"translate": [
					{ "curve": 0.25, "c3": 0.75 },
					{ "time": 1, "x": 12.34, "y": 12.47, "curve": 0.25, "c3": 0.75 },
					{ "time": 1.6667 }
				],
				"scale": [
					{ "curve": 0.25, "c3": 0.75 },
					{ "time": 0.6667, "x": 1.052, "y": 1.159, "curve": 0.25, "c3": 0.75 },
					{ "time": 1.6667 }
				],
				"shear": [
					{ "curve": 0.25, "c3": 0.75 },
					{ "time": 1.1667, "y": -12.61, "curve": 0.25, "c3": 0.75 },
					{ "time": 1.6667 }
				]
			},
			"bone8": {
				"rotate": [
					{ "curve": 0.25, "c3": 0.75 },
					{ "time": 0.5, "angle": -4.78, "curve": 0.25, "c3": 0.75 },
					{ "time": 1, "angle": -9.31, "curve": 0.25, "c3": 0.75 },
					{ "time": 1.6667 }
				]
			},
			"bone7": {
				"rotate": [
					{ "curve": 0.25, "c3": 0.75 },
					{ "time": 1, "angle": 3.74, "curve": 0.25, "c3": 0.75 },
					{ "time": 1.6667 }
				],
				"shear": [
					{ "curve": 0.25, "c3": 0.75 },
					{ "time": 0.6667, "x": -15.39, "y": -12, "curve": 0.25, "c3": 0.75 },
					{ "time": 1.6667 }
				]
			},
			"bink": {
				"rotate": [
					{ "time": 0.6667 },
					{ "time": 1.3333, "angle": -23.33 }
				],
				"translate": [
					{ "x": 200.09 }
				],
				"scale": [
					{ "x": 0.183, "y": 0.183, "curve": "stepped" },
					{ "time": 0.6667, "x": 0.183, "y": 0.183 },
					{ "time": 1.3333, "x": 1.995, "y": 1.995 }
				]
			},
			"bink3": {
				"rotate": [
					{ "time": 0.5 },
					{ "time": 1.1667, "angle": -23.33 }
				],
				"translate": [
					{ "x": -48.37, "y": 54.83 }
				],
				"scale": [
					{ "x": 0.183, "y": 0.183, "curve": "stepped" },
					{ "time": 0.5, "x": 0.183, "y": 0.183 },
					{ "time": 1.1667, "x": 1.995, "y": 1.995 }
				]
			},
			"bink2": {
				"rotate": [
					{},
					{ "time": 0.6667, "angle": -23.33 }
				],
				"translate": [
					{ "x": -341.36, "y": 42.92 }
				],
				"scale": [
					{ "x": 0.183, "y": 0.183 },
					{ "time": 0.6667, "x": 1.995, "y": 1.995 }
				]
			},
			"shineLine5": {
				"rotate": [
					{ "angle": 6.69, "curve": "stepped" },
					{ "time": 1, "angle": 6.69 },
					{ "time": 1.3333, "angle": 2.71 },
					{ "time": 1.6667, "angle": -5.36 }
				],
				"translate": [
					{ "x": 41.41, "y": -31, "curve": "stepped" },
					{ "time": 1, "x": 41.41, "y": -31 },
					{ "time": 1.3333, "x": 6.07, "y": -1.91 },
					{ "time": 1.6667, "x": -44.56, "y": 44.16 }
				],
				"scale": [
					{ "x": 0.16, "y": 0.805, "curve": "stepped" },
					{ "time": 1, "x": 0.16, "y": 0.805 },
					{ "time": 1.3333, "x": 0.657, "y": 0.574 },
					{ "time": 1.6667, "x": 0.16, "y": 0.827 }
				]
			},
			"shineCurved": {
				"rotate": [
					{ "angle": 6.23, "curve": "stepped" },
					{ "time": 0.15, "angle": 6.23 },
					{ "time": 0.7, "angle": -9.61 }
				],
				"translate": [
					{ "x": -14.68, "y": 6.99, "curve": "stepped" },
					{ "time": 0.15, "x": -14.68, "y": 6.99 },
					{ "time": 0.4833, "x": 30.06, "y": -5.59 },
					{ "time": 0.7, "x": 51.73, "y": -13.98 }
				],
				"scale": [
					{ "x": 0.809, "y": 0.809, "curve": "stepped" },
					{ "time": 0.15, "x": 0.809, "y": 0.809 },
					{ "time": 0.4833, "x": 0.694, "y": 1.242 },
					{ "time": 0.7, "x": 0.489, "y": 0.501 }
				]
			},
			"shineCurved1": {
				"rotate": [
					{ "angle": -13.39, "curve": "stepped" },
					{ "time": 0.15, "angle": -13.39 },
					{ "time": 0.7, "angle": -1.82 }
				],
				"translate": [
					{ "x": -85.59, "y": 38.09, "curve": "stepped" },
					{ "time": 0.15, "x": -85.59, "y": 38.09 },
					{ "time": 0.7, "x": -35.99, "y": 13.79 }
				],
				"scale": [
					{ "x": 0.879, "y": -0.949, "curve": "stepped" },
					{ "time": 0.15, "x": 0.879, "y": -0.949 },
					{ "time": 0.7, "x": 0.655, "y": -0.763 }
				]
			},
			"shineCurved2": {
				"rotate": [
					{ "angle": 25.74, "curve": "stepped" },
					{ "time": 0.5, "angle": 25.74 },
					{ "time": 1.15, "angle": -13.06 }
				],
				"translate": [
					{ "x": -41.81, "y": 6.82, "curve": "stepped" },
					{ "time": 0.5, "x": -41.81, "y": 6.82 },
					{ "time": 0.8333, "x": 1.49, "y": -0.97 },
					{ "time": 1.15, "x": 10.58, "y": -0.97 }
				]
			},
			"shineCurved3": {
				"rotate": [
					{ "angle": -5.73 },
					{ "time": 0.6667, "angle": 0.18 }
				],
				"translate": [
					{ "x": -44.11, "y": 19.6 },
					{ "time": 0.6667, "x": 9.43, "y": -0.75 }
				],
				"scale": [
					{ "x": 0.826 },
					{ "time": 0.3333 },
					{ "time": 0.6667, "x": 0.826 }
				]
			},
			"shineCurved4": {
				"rotate": [
					{ "time": 0.5 },
					{ "time": 1.5, "angle": -14.89 }
				],
				"translate": [
					{ "time": 0.5 },
					{ "time": 1, "x": 6.15, "y": -4.31 },
					{ "time": 1.5, "x": 28.16, "y": -2.8 }
				]
			},
			"shineCurved5": {
				"rotate": [
					{ "angle": 44.02 },
					{ "time": 0.6667, "angle": 32.68 },
					{ "time": 1.0167, "angle": 39.57 },
					{ "time": 1.4833, "angle": 48.83 }
				],
				"translate": [
					{ "x": 19.97, "y": 18.54, "curve": "stepped" },
					{ "time": 0.6667, "x": 19.97, "y": 18.54 },
					{ "time": 1.4833, "x": 61.45, "y": 32.86 }
				],
				"scale": [
					{ "x": 0.726, "y": -1.229, "curve": "stepped" },
					{ "time": 0.6667, "x": 0.726, "y": -1.229 },
					{ "time": 1.4833, "x": 1.121, "y": -1.625 }
				]
			},
			"shineCurved6": {
				"rotate": [
					{ "angle": 44.02, "curve": "stepped" },
					{ "time": 0.75, "angle": 44.02 },
					{ "time": 1.5667, "angle": 30.33 }
				],
				"translate": [
					{ "x": -74.08, "y": -12.81, "curve": "stepped" },
					{ "time": 0.75, "x": -74.08, "y": -12.81 },
					{ "time": 1.5667, "x": -22.7, "y": 1.51 }
				],
				"scale": [
					{ "x": 0.726, "y": 1.229, "curve": "stepped" },
					{ "time": 0.75, "x": 0.726, "y": 1.229 },
					{ "time": 1.5667, "x": 1.201, "y": 1.625 }
				]
			},
			"shineCurved7": {
				"scale": [
					{ "x": 0.789, "y": 0.779, "curve": "stepped" },
					{ "time": 0.5, "x": 0.789, "y": 0.779 },
					{ "time": 1, "y": 0.908 },
					{ "time": 1.5 }
				],
				"shear": [
					{ "x": -23.27, "y": 6.83, "curve": "stepped" },
					{ "time": 0.5, "x": -23.27, "y": 6.83 },
					{ "time": 1, "x": -0.16, "y": 8.83 },
					{ "time": 1.5, "x": 6.55, "y": 32.68 }
				]
			},
			"shineLine": {
				"rotate": [
					{ "angle": -9.7, "curve": "stepped" },
					{ "time": 0.3167, "angle": -9.7 },
					{ "time": 0.5833, "angle": -3.41 },
					{ "time": 0.8167 },
					{ "time": 1.0667, "angle": 3.23 },
					{ "time": 1.3333, "angle": 12.8 }
				],
				"translate": [
					{ "x": -308, "y": 9.6, "curve": "stepped" },
					{ "time": 0.3167, "x": -308, "y": 9.6 },
					{ "time": 0.5833, "x": -184.8, "y": 2.88 },
					{ "time": 0.8167 },
					{ "time": 1.0667, "x": 147.44, "y": 2.88 },
					{ "time": 1.3333, "x": 279.42, "y": 12.16 }
				],
				"scale": [
					{ "x": 0.16, "curve": "stepped" },
					{ "time": 0.3167, "x": 0.16 },
					{ "time": 0.8167 },
					{ "time": 1.3333, "x": 0.16 }
				]
			},
			"shineLine2": {
				"rotate": [
					{ "angle": -15.7, "curve": "stepped" },
					{ "time": 0.3333, "angle": -15.7 },
					{ "time": 0.6667, "angle": -3.41 },
					{ "time": 0.9167, "angle": -1.2 },
					{ "time": 1.2, "angle": 3.23 },
					{ "time": 1.5, "angle": 0.8 }
				],
				"translate": [
					{ "x": -40.7, "y": -24.55, "curve": "stepped" },
					{ "time": 0.3333, "x": -40.7, "y": -24.55 },
					{ "time": 0.6667, "x": -27.08, "y": -12.48 },
					{ "time": 0.9167, "x": -4.18, "y": 5.92 },
					{ "time": 1.5, "x": 35.41, "y": 41.58 }
				],
				"scale": [
					{ "x": 0.16, "y": 0.805, "curve": "stepped" },
					{ "time": 0.3333, "x": 0.16, "y": 0.805 },
					{ "time": 0.9167, "x": 0.657, "y": 0.574 },
					{ "time": 1.5, "x": 0.16, "y": 0.827 }
				]
			},
			"shineLine3": {
				"rotate": [
					{ "angle": -15.7, "curve": "stepped" },
					{ "time": 0.3333, "angle": -15.7 },
					{ "time": 0.6667, "angle": -3.41 },
					{ "time": 0.9167, "angle": -1.2 },
					{ "time": 1.2, "angle": 3.23 },
					{ "time": 1.5, "angle": 0.8 }
				],
				"translate": [
					{ "x": -40.7, "y": -24.55 },
					{ "time": 0.3333, "x": -35.74, "y": -35.14 },
					{ "time": 0.6667, "x": -19.16, "y": -22.84 },
					{ "time": 0.9167, "x": 2.85, "y": -2.57 },
					{ "time": 1.5, "x": 41.71, "y": 34.49 }
				],
				"scale": [
					{ "x": 0.16, "y": 0.805, "curve": "stepped" },
					{ "time": 0.3333, "x": 0.16, "y": 0.805 },
					{ "time": 0.9167, "x": 0.657, "y": 0.574 },
					{ "time": 1.5, "x": 0.16, "y": 0.827 }
				]
			},
			"shineLine4": {
				"rotate": [
					{ "angle": 6.69, "curve": "stepped" },
					{ "time": 1, "angle": 6.69 },
					{ "time": 1.3333, "angle": 2.71 },
					{ "time": 1.6667, "angle": -5.36 }
				],
				"translate": [
					{ "x": 47.04, "y": -31, "curve": "stepped" },
					{ "time": 1, "x": 47.04, "y": -31 },
					{ "time": 1.3333, "x": -0.12, "y": 8.79 },
					{ "time": 1.6667, "x": -40.62, "y": 48.1 }
				],
				"scale": [
					{ "x": 0.16, "y": 0.805, "curve": "stepped" },
					{ "time": 1, "x": 0.16, "y": 0.805 },
					{ "time": 1.3333, "x": 0.657, "y": 0.574 },
					{ "time": 1.6667, "x": 0.16, "y": 0.827 }
				]
			}
		}
	},
	"megaWinShow": {
		"slots": {
			"extraWinPawn": {
				"color": [
					{ "color": "ffffff00", "curve": "stepped" },
					{ "time": 0.6167, "color": "ffffff00" },
					{ "time": 1.2333, "color": "ffffffff" }
				]
			},
			"extraWinPawn2": {
				"color": [
					{ "color": "ffffff00", "curve": "stepped" },
					{ "time": 0.5833, "color": "ffffff00" },
					{ "time": 0.9667, "color": "ffffffff" }
				]
			},
			"extraWinPawn4": {
				"color": [
					{ "color": "ffffff00", "curve": "stepped" },
					{ "time": 0.6167, "color": "ffffff00" },
					{ "time": 0.9333, "color": "ffffffff" }
				]
			},
			"freeSpinsSplashPawn1": {
				"color": [
					{ "color": "ffffff00", "curve": "stepped" },
					{ "time": 0.6167, "color": "ffffff00" },
					{ "time": 0.9333, "color": "ffffffff" }
				]
			},
			"megaWinArena": {
				"color": [
					{ "color": "ffffff00" },
					{ "time": 0.9333, "color": "ffffffff" }
				]
			},
			"megaWinGlow": {
				"color": [
					{ "color": "ffffff00" },
					{ "time": 0.9333, "color": "ffffffff" }
				]
			},
			"sceneSlotSpecialAdd": {
				"color": [
					{ "color": "ffffff00" },
					{ "time": 1.55, "color": "ffffff9d" },
					{ "time": 1.85, "color": "ffffff00" }
				]
			},
			"sceneSpecialFlagAn": {
				"color": [
					{ "color": "ffffff00" },
					{ "time": 0.9333, "color": "ffffffff" }
				]
			},
			"sceneSpecialFlagAn2": {
				"color": [
					{ "color": "ffffff00" },
					{ "time": 0.9333, "color": "ffffffff" }
				]
			},
			"sceneSpecialFlagPike2": {
				"color": [
					{ "color": "ffffff00" },
					{ "time": 0.9333, "color": "ffffffff" }
				]
			},
			"sceneSpecialFlagPike3": {
				"color": [
					{ "color": "ffffff00" },
					{ "time": 0.9333, "color": "ffffffff" }
				]
			},
			"sceneSpecialPawn": {
				"color": [
					{ "color": "ffffff00", "curve": "stepped" },
					{ "time": 0.7667, "color": "ffffff00" },
					{ "time": 1.0167, "color": "ffffffff" }
				]
			},
			"sceneSpecialPawn2": {
				"color": [
					{ "color": "ffffff00", "curve": "stepped" },
					{ "time": 0.8, "color": "ffffff00" },
					{ "time": 1.2333, "color": "ffffffff" }
				]
			},
			"shineCurvedYellow": {
				"color": [
					{ "color": "ffffff00" }
				]
			},
			"shineCurvedYellow2": {
				"color": [
					{ "color": "ffffff00" }
				]
			},
			"shineCurvedYellow3": {
				"color": [
					{ "color": "ffffff00" }
				]
			},
			"shineCurvedYellow4": {
				"color": [
					{ "color": "ffffff00" }
				]
			},
			"shineCurvedYellow5": {
				"color": [
					{ "color": "ffffff00" }
				]
			},
			"shineCurvedYellow6": {
				"color": [
					{ "color": "ffffff00" }
				]
			},
			"shineCurvedYellow7": {
				"color": [
					{ "color": "ffffff00" }
				]
			},
			"shineCurvedYellow8": {
				"color": [
					{ "color": "ffffff00" }
				]
			},
			"shineYellow": {
				"color": [
					{ "color": "ffffff00" }
				]
			},
			"shineYellow2": {
				"color": [
					{ "color": "ffffff00" }
				]
			},
			"shineYellow3": {
				"color": [
					{ "color": "ffffff00" }
				]
			},
			"shineYellow5": {
				"color": [
					{ "color": "ffffff00" }
				]
			},
			"shineYellow6": {
				"color": [
					{ "color": "ffffff00" }
				]
			},
			"slotSpecialStoneLAnAdd": {
				"color": [
					{ "color": "ffffff00" },
					{ "time": 1.55, "color": "ffffff9d" },
					{ "time": 1.85, "color": "ffffff00" }
				]
			},
			"slotSpecialStoneRAnAdd": {
				"color": [
					{ "color": "ffffff00" },
					{ "time": 1.55, "color": "ffffff9d" },
					{ "time": 1.85, "color": "ffffff00" }
				]
			},
			"winBlink": {
				"color": [
					{ "color": "ffffff00" }
				]
			},
			"winBlink2": {
				"color": [
					{ "color": "ffffff00" }
				]
			},
			"winBlink3": {
				"color": [
					{ "color": "ffffff00" }
				]
			}
		},
		"bones": {
			"pike": {
				"rotate": [
					{ "angle": 46.37 },
					{ "time": 1.2333, "angle": -12.34 },
					{ "time": 1.85 }
				]
			},
			"pike2": {
				"rotate": [
					{ "angle": -49.72 },
					{ "time": 1.2333, "angle": 11.63 },
					{ "time": 1.85 }
				]
			},
			"bone": {
				"translate": [
					{ "y": 1421.63, "curve": "stepped" },
					{ "time": 0.6333, "y": 1421.63, "curve": 0.533, "c2": 0.21, "c4": 0.7 },
					{ "time": 0.8333, "y": -24.1 },
					{ "time": 1.6 }
				]
			},
			"bone7": {
				"rotate": [
					{ "angle": -72.04 },
					{ "time": 1.1667, "angle": -18.7 },
					{ "time": 1.85 }
				]
			},
			"top3": {
				"rotate": [
					{ "angle": -45.32 },
					{ "time": 0.7167, "angle": -16.08 },
					{ "time": 1.3, "angle": -27.54 },
					{ "time": 1.85 }
				]
			},
			"bot6": {
				"rotate": [
					{ "angle": -25.35 },
					{ "time": 0.7167, "angle": -36.51 },
					{ "time": 1.3, "angle": -23.63 },
					{ "time": 1.85 }
				]
			},
			"bone11": {
				"rotate": [
					{ "angle": 40.6 },
					{ "time": 0.4333, "angle": 50.92 },
					{ "time": 0.8333, "angle": 46.3 },
					{ "time": 1.3, "angle": 26.54 },
					{ "time": 1.85 }
				]
			},
			"bone10": {
				"rotate": [
					{ "angle": 38.44 },
					{ "time": 1.85 }
				]
			},
			"bone9": {
				"rotate": [
					{ "angle": 12.34 },
					{ "time": 1.1667, "angle": 13.21 },
					{ "time": 1.85 }
				]
			},
			"bone8": {
				"rotate": [
					{ "angle": 13.08 },
					{ "time": 1.85 }
				]
			},
			"bone3": {
				"rotate": [
					{ "angle": 13.08 },
					{ "time": 1.85, "angle": -9.31 }
				]
			},
			"bone2": {
				"rotate": [
					{ "angle": -72.04 },
					{ "time": 1.1667, "angle": -5.04 },
					{ "time": 1.85, "angle": 3.74 }
				],
				"shear": [
					{ "x": -11.02, "y": -8.59 }
				]
			},
			"bone5": {
				"rotate": [
					{ "angle": 12.34 },
					{ "time": 1.85, "angle": 13.01 }
				],
				"translate": [
					{ "x": 1.58, "y": 3.45 }
				]
			},
			"bone6": {
				"rotate": [
					{ "angle": 40.6 },
					{ "time": 0.4333, "angle": 50.92 },
					{ "time": 0.8333, "angle": 57.25 },
					{ "time": 1.3, "angle": 26.54 },
					{ "time": 1.85 }
				],
				"scale": [
					{ "x": 0.966, "y": 1.296 }
				],
				"shear": [
					{ "x": 12.52, "y": 2.23 }
				]
			},
			"bot": {
				"rotate": [
					{ "angle": -25.35 },
					{ "time": 0.7167, "angle": -36.51 },
					{ "time": 1.3, "angle": -23.63 },
					{ "time": 1.85, "angle": -39.01 }
				],
				"scale": [
					{ "x": 0.909, "y": 1.107 }
				],
				"shear": [
					{ "x": -8.54, "y": 12.79 }
				]
			},
			"top": {
				"rotate": [
					{ "angle": -45.32 },
					{ "time": 0.7167, "angle": -16.08 },
					{ "time": 1.3, "angle": -27.54 },
					{ "time": 1.85, "angle": -15.42 }
				],
				"scale": [
					{ "y": 1.076 }
				],
				"shear": [
					{ "x": -18.79, "y": 24.75 }
				]
			},
			"top2": {
				"rotate": [
					{ "angle": -58.53 }
				]
			},
			"top1": {
				"rotate": [
					{ "angle": 36.87 }
				]
			},
			"bot5": {
				"rotate": [
					{ "angle": -89.91 }
				]
			},
			"bot4": {
				"rotate": [
					{ "angle": 106.59 }
				]
			},
			"bot3": {
				"rotate": [
					{ "angle": 7.41 }
				],
				"translate": [
					{ "x": -3.34, "y": 10.45 }
				]
			},
			"bot2": {
				"rotate": [
					{ "angle": -4.55 }
				]
			},
			"bot1": {
				"rotate": [
					{ "angle": -10.71 }
				]
			},
			"bone4": {
				"rotate": [
					{ "angle": -10.83, "curve": 0.276, "c3": 0.621, "c4": 0.4 },
					{ "time": 1.1667, "angle": 3.16 },
					{ "time": 1.85, "angle": -10.83 }
				],
				"translate": [
					{ "x": 12.34, "y": 12.47 }
				],
				"scale": [
					{ "x": 1.037, "y": 1.114 }
				],
				"shear": [
					{ "y": -11.64 }
				]
			},
			"pawn1": {
				"translate": [
					{ "y": 80.13, "curve": "stepped" },
					{ "time": 0.6167, "y": 80.13 },
					{ "time": 0.9333 },
					{ "time": 1.15, "y": 2.8 },
					{ "time": 1.3667 }
				]
			},
			"pawn2": {
				"rotate": [
					{ "angle": -21.9, "curve": "stepped" },
					{ "time": 0.8, "angle": -21.9 },
					{ "time": 1.2333 },
					{ "time": 1.7333, "angle": -3 },
					{ "time": 2.1667 }
				],
				"translate": [
					{ "y": 31.01, "curve": "stepped" },
					{ "time": 0.8, "y": 31.01 },
					{ "time": 1.2333 },
					{ "time": 1.7333, "x": 1.1, "y": 2.9 },
					{ "time": 2.1667 }
				]
			},
			"pawn3": {
				"rotate": [
					{ "angle": 18.08, "curve": "stepped" },
					{ "time": 0.7667, "angle": 18.08 },
					{ "time": 1.0167 },
					{ "time": 1.4, "angle": 1.73 },
					{ "time": 1.85 }
				],
				"translate": [
					{ "x": -10.77, "y": 32.97, "curve": "stepped" },
					{ "time": 0.7667, "x": -10.77, "y": 32.97 },
					{ "time": 1.0167 },
					{ "time": 1.4, "x": -0.19, "y": 6.2 },
					{ "time": 1.85 }
				]
			},
			"pawn4": {
				"translate": [
					{ "y": 80.13, "curve": "stepped" },
					{ "time": 0.6167, "y": 80.13 },
					{ "time": 0.9333 },
					{ "time": 1.15, "y": 2.8 },
					{ "time": 1.3667 }
				]
			},
			"pawn5": {
				"rotate": [
					{ "angle": 29.04, "curve": "stepped" },
					{ "time": 0.6167, "angle": 29.04 },
					{ "time": 0.8, "angle": 22.72, "curve": "stepped" },
					{ "time": 1.4, "angle": 22.72, "curve": 0.867, "c2": 0.27, "c3": 0.398 },
					{ "time": 2.1667 }
				],
				"translate": [
					{ "x": -38.35, "y": 116.59, "curve": "stepped" },
					{ "time": 0.6167, "x": -38.35, "y": 116.59 },
					{ "time": 0.8, "x": -28.4, "y": 11.07 },
					{ "time": 1.0833, "x": -28.4, "y": 17.96 },
					{ "time": 1.3, "x": -28.4, "y": 11.07, "curve": "stepped" },
					{ "time": 1.4, "x": -28.4, "y": 11.07, "curve": 0.867, "c2": 0.27, "c3": 0.398 },
					{ "time": 2.1667 }
				]
			},
			"pawn6": {
				"rotate": [
					{ "angle": -17.1, "curve": "stepped" },
					{ "time": 0.6167, "angle": -17.1 },
					{ "time": 0.9333 },
					{ "time": 1.2333, "angle": -3.08 },
					{ "time": 1.55 }
				],
				"translate": [
					{ "y": 75, "curve": "stepped" },
					{ "time": 0.6167, "y": 75 },
					{ "time": 0.9333 },
					{ "time": 1.2333, "y": 1.95 },
					{ "time": 1.55 }
				]
			},
			"knightRight": {
				"rotate": [
					{ "angle": -0.02 }
				]
			}
		}
	},
	"superWinHide": {
		"slots": {
			"extraWinPawn": {
				"color": [
					{ "color": "ffffff00", "curve": "stepped" },
					{ "time": 0.1667, "color": "ffffff00" },
					{ "time": 0.3333, "color": "ffffff00" }
				]
			},
			"extraWinPawn2": {
				"color": [
					{ "color": "ffffff00", "curve": "stepped" },
					{ "time": 0.1667, "color": "ffffff00" },
					{ "time": 0.3333, "color": "ffffff00" }
				]
			},
			"extraWinPawn4": {
				"color": [
					{ "color": "ffffff00", "curve": "stepped" },
					{ "time": 0.1667, "color": "ffffff00" },
					{ "time": 0.3333, "color": "ffffff00" }
				]
			},
			"freeSpinsSplashPawn1": {
				"color": [
					{ "color": "ffffff00", "curve": "stepped" },
					{ "time": 0.1667, "color": "ffffff00" },
					{ "time": 0.3333, "color": "ffffff00" }
				]
			},
			"megaWinArena": {
				"color": [
					{ "time": 0.1667, "color": "ffffffff" },
					{ "time": 0.2333, "color": "ffffff00" }
				]
			},
			"megaWinGlow": {
				"color": [
					{ "time": 0.1667, "color": "ffffffff" },
					{ "time": 0.3333, "color": "ffffff00" }
				]
			},
			"sceneSlotSpecial2": {
				"color": [
					{ "time": 0.1667, "color": "ffffffff" },
					{ "time": 0.3333, "color": "ffffff00" }
				]
			},
			"sceneSlotSpecialKing": {
				"color": [
					{ "color": "ffffff00" }
				]
			},
			"sceneSlotSpecialKnight": {
				"color": [
					{ "time": 0.1667, "color": "ffffffff" },
					{ "time": 0.25, "color": "ffffff00" }
				]
			},
			"sceneSlotSpecialKnight2": {
				"color": [
					{ "time": 0.1667, "color": "ffffffff" },
					{ "time": 0.25, "color": "ffffff00" }
				]
			},
			"sceneSpecialFlagAn": {
				"color": [
					{ "color": "ffffff00", "curve": "stepped" },
					{ "time": 0.1667, "color": "ffffff00" },
					{ "time": 0.3333, "color": "ffffff00" }
				]
			},
			"sceneSpecialFlagAn2": {
				"color": [
					{ "color": "ffffff00", "curve": "stepped" },
					{ "time": 0.1667, "color": "ffffff00" },
					{ "time": 0.3333, "color": "ffffff00" }
				]
			},
			"sceneSpecialFlagPike2": {
				"color": [
					{ "color": "ffffff00", "curve": "stepped" },
					{ "time": 0.1667, "color": "ffffff00" },
					{ "time": 0.3333, "color": "ffffff00" }
				]
			},
			"sceneSpecialFlagPike3": {
				"color": [
					{ "color": "ffffff00", "curve": "stepped" },
					{ "time": 0.1667, "color": "ffffff00" },
					{ "time": 0.3333, "color": "ffffff00" }
				]
			},
			"sceneSpecialPawn": {
				"color": [
					{ "color": "ffffff00", "curve": "stepped" },
					{ "time": 0.1667, "color": "ffffff00" },
					{ "time": 0.3333, "color": "ffffff00" }
				]
			},
			"sceneSpecialPawn2": {
				"color": [
					{ "color": "ffffff00", "curve": "stepped" },
					{ "time": 0.1667, "color": "ffffff00" },
					{ "time": 0.3333, "color": "ffffff00" }
				]
			},
			"shineCurvedYellow": {
				"color": [
					{ "color": "ffffff00" }
				]
			},
			"shineCurvedYellow2": {
				"color": [
					{ "color": "ffffff00" }
				]
			},
			"shineCurvedYellow3": {
				"color": [
					{ "color": "ffffff00" }
				]
			},
			"shineCurvedYellow4": {
				"color": [
					{ "color": "ffffff00" }
				]
			},
			"shineCurvedYellow5": {
				"color": [
					{ "color": "ffffff00" }
				]
			},
			"shineCurvedYellow6": {
				"color": [
					{ "color": "ffffff00" }
				]
			},
			"shineCurvedYellow7": {
				"color": [
					{ "color": "ffffff00" }
				]
			},
			"shineCurvedYellow8": {
				"color": [
					{ "color": "ffffff00" }
				]
			},
			"shineYellow": {
				"color": [
					{ "color": "ffffff00" }
				]
			},
			"shineYellow2": {
				"color": [
					{ "color": "ffffff00" }
				]
			},
			"shineYellow3": {
				"color": [
					{ "color": "ffffff00" }
				]
			},
			"shineYellow5": {
				"color": [
					{ "color": "ffffff00" }
				]
			},
			"shineYellow6": {
				"color": [
					{ "color": "ffffff00" }
				]
			},
			"slotSpecialStoneLAn": {
				"color": [
					{ "time": 0.1667, "color": "ffffffff" },
					{ "time": 0.2667, "color": "ffffff00" }
				]
			},
			"slotSpecialStoneRAn": {
				"color": [
					{ "time": 0.1667, "color": "ffffffff" },
					{ "time": 0.2667, "color": "ffffff00" }
				]
			},
			"slotSpecialStoneRAnAdd": {
				"color": [
					{ "color": "ffffff00", "curve": "stepped" },
					{ "time": 0.1667, "color": "ffffff00" },
					{ "time": 0.3333, "color": "ffffff00" }
				]
			},
			"slotUp": {
				"color": [
					{ "time": 0.1667, "color": "ffffffff" },
					{ "time": 0.3333, "color": "ffffff00" }
				]
			},
			"winBlink": {
				"color": [
					{ "color": "ffffff00" }
				]
			},
			"winBlink2": {
				"color": [
					{ "color": "ffffff00" }
				]
			},
			"winBlink3": {
				"color": [
					{ "color": "ffffff00" }
				]
			}
		}
	},
	"superWinLoop": {
		"slots": {
			"extraWinPawn": {
				"color": [
					{ "color": "ffffff00" }
				]
			},
			"extraWinPawn2": {
				"color": [
					{ "color": "ffffff00" }
				]
			},
			"extraWinPawn4": {
				"color": [
					{ "color": "ffffff00" }
				]
			},
			"freeSpinsSplashPawn1": {
				"color": [
					{ "color": "ffffff00" }
				]
			},
			"sceneSlotSpecialKing": {
				"color": [
					{ "color": "ffffff00" }
				]
			},
			"sceneSpecialFlagAn": {
				"color": [
					{ "color": "ffffff00" }
				]
			},
			"sceneSpecialFlagAn2": {
				"color": [
					{ "color": "ffffff00" }
				]
			},
			"sceneSpecialFlagPike2": {
				"color": [
					{ "color": "ffffff00" }
				]
			},
			"sceneSpecialFlagPike3": {
				"color": [
					{ "color": "ffffff00" }
				]
			},
			"sceneSpecialPawn": {
				"color": [
					{ "color": "ffffff00" }
				]
			},
			"sceneSpecialPawn2": {
				"color": [
					{ "color": "ffffff00" }
				]
			},
			"shineCurvedYellow": {
				"color": [
					{ "color": "ffffff00", "curve": "stepped" },
					{ "time": 0.15, "color": "ffffff00" },
					{ "time": 0.3833, "color": "ffffffff" },
					{ "time": 0.7, "color": "ffffff00" }
				]
			},
			"shineCurvedYellow2": {
				"color": [
					{ "color": "ffffff00", "curve": "stepped" },
					{ "time": 0.5, "color": "ffffff00" },
					{ "time": 0.6333, "color": "ffffffff", "curve": "stepped" },
					{ "time": 1.0167, "color": "ffffffff" },
					{ "time": 1.15, "color": "ffffff00" }
				]
			},
			"shineCurvedYellow3": {
				"color": [
					{ "color": "ffffff00", "curve": "stepped" },
					{ "time": 0.15, "color": "ffffff00" },
					{ "time": 0.3833, "color": "ffffffff" },
					{ "time": 0.7, "color": "ffffff00" }
				]
			},
			"shineCurvedYellow4": {
				"color": [
					{ "color": "ffffff00" },
					{ "time": 0.3333, "color": "ffffffff" },
					{ "time": 0.6667, "color": "ffffff00" }
				]
			},
			"shineCurvedYellow5": {
				"color": [
					{ "color": "ffffff00", "curve": "stepped" },
					{ "time": 0.5, "color": "ffffff00" },
					{ "time": 1, "color": "ffffffff" },
					{ "time": 1.5, "color": "ffffff00" }
				]
			},
			"shineCurvedYellow6": {
				"color": [
					{ "color": "ffffff00", "curve": "stepped" },
					{ "time": 0.6667, "color": "ffffff00" },
					{ "time": 1.0167, "color": "ffffffff" },
					{ "time": 1.4833, "color": "ffffff00" }
				]
			},
			"shineCurvedYellow7": {
				"color": [
					{ "color": "ffffff00", "curve": "stepped" },
					{ "time": 0.75, "color": "ffffff00" },
					{ "time": 1.1, "color": "ffffffff" },
					{ "time": 1.5667, "color": "ffffff00" }
				]
			},
			"shineCurvedYellow8": {
				"color": [
					{ "color": "ffffff00", "curve": "stepped" },
					{ "time": 0.5, "color": "ffffff00" },
					{ "time": 1, "color": "ffffffff" },
					{ "time": 1.5, "color": "ffffff00" }
				]
			},
			"shineYellow": {
				"color": [
					{ "color": "ffffff00", "curve": "stepped" },
					{ "time": 0.3167, "color": "ffffff00" },
					{ "time": 0.5833, "color": "ffffffff", "curve": "stepped" },
					{ "time": 1.0667, "color": "ffffffff" },
					{ "time": 1.3333, "color": "ffffff00" }
				]
			},
			"shineYellow2": {
				"color": [
					{ "color": "ffffff00", "curve": "stepped" },
					{ "time": 0.3333, "color": "ffffff00" },
					{ "time": 0.9167, "color": "ffffffff" },
					{ "time": 1.5, "color": "ffffff00" }
				]
			},
			"shineYellow3": {
				"color": [
					{ "color": "ffffff00", "curve": "stepped" },
					{ "time": 0.3333, "color": "ffffff00" },
					{ "time": 0.9167, "color": "ffffffff" },
					{ "time": 1.5, "color": "ffffff00" }
				]
			},
			"shineYellow5": {
				"color": [
					{ "color": "ffffff00", "curve": "stepped" },
					{ "time": 1, "color": "ffffff00" },
					{ "time": 1.3333, "color": "ffffffff" },
					{ "time": 1.6667, "color": "ffffff00" }
				]
			},
			"shineYellow6": {
				"color": [
					{ "color": "ffffff00", "curve": "stepped" },
					{ "time": 1, "color": "ffffff00" },
					{ "time": 1.3333, "color": "ffffffff" },
					{ "time": 1.6667, "color": "ffffff00" }
				]
			},
			"winBlink": {
				"color": [
					{ "color": "ffffff00", "curve": "stepped" },
					{ "time": 0.6667, "color": "ffffff00" },
					{ "time": 1, "color": "ffffffff" },
					{ "time": 1.3333, "color": "ffffff00" }
				]
			},
			"winBlink2": {
				"color": [
					{ "color": "ffffff00" },
					{ "time": 0.3333, "color": "ffffffff" },
					{ "time": 0.6667, "color": "ffffff00" }
				]
			},
			"winBlink3": {
				"color": [
					{ "color": "ffffff00", "curve": "stepped" },
					{ "time": 0.5, "color": "ffffff00" },
					{ "time": 0.8333, "color": "ffffffff" },
					{ "time": 1.1667, "color": "ffffff00" }
				]
			}
		},
		"bones": {
			"shineLine": {
				"rotate": [
					{ "angle": -9.7, "curve": "stepped" },
					{ "time": 0.3167, "angle": -9.7 },
					{ "time": 0.5833, "angle": -3.41 },
					{ "time": 0.8167 },
					{ "time": 1.0667, "angle": 3.23 },
					{ "time": 1.3333, "angle": 12.8 }
				],
				"translate": [
					{ "x": -308, "y": 9.6, "curve": "stepped" },
					{ "time": 0.3167, "x": -308, "y": 9.6 },
					{ "time": 0.5833, "x": -184.8, "y": 2.88 },
					{ "time": 0.8167 },
					{ "time": 1.0667, "x": 147.44, "y": 2.88 },
					{ "time": 1.3333, "x": 279.42, "y": 12.16 }
				],
				"scale": [
					{ "x": 0.16, "curve": "stepped" },
					{ "time": 0.3167, "x": 0.16 },
					{ "time": 0.8167 },
					{ "time": 1.3333, "x": 0.16 }
				]
			},
			"shineCurved2": {
				"rotate": [
					{ "angle": 25.74, "curve": "stepped" },
					{ "time": 0.5, "angle": 25.74 },
					{ "time": 1.15, "angle": -13.06 }
				],
				"translate": [
					{ "x": -41.81, "y": 6.82, "curve": "stepped" },
					{ "time": 0.5, "x": -41.81, "y": 6.82 },
					{ "time": 0.8333, "x": 1.49, "y": -0.97 },
					{ "time": 1.15, "x": 10.58, "y": -0.97 }
				]
			},
			"shineCurved": {
				"rotate": [
					{ "angle": 6.23, "curve": "stepped" },
					{ "time": 0.15, "angle": 6.23 },
					{ "time": 0.7, "angle": -9.61 }
				],
				"translate": [
					{ "x": -14.68, "y": 6.99, "curve": "stepped" },
					{ "time": 0.15, "x": -14.68, "y": 6.99 },
					{ "time": 0.4833, "x": 30.06, "y": -5.59 },
					{ "time": 0.7, "x": 51.73, "y": -13.98 }
				],
				"scale": [
					{ "x": 0.809, "y": 0.809, "curve": "stepped" },
					{ "time": 0.15, "x": 0.809, "y": 0.809 },
					{ "time": 0.4833, "x": 0.694, "y": 1.242 },
					{ "time": 0.7, "x": 0.489, "y": 0.501 }
				]
			},
			"shineCurved1": {
				"rotate": [
					{ "angle": -13.39, "curve": "stepped" },
					{ "time": 0.15, "angle": -13.39 },
					{ "time": 0.7, "angle": -1.82 }
				],
				"translate": [
					{ "x": -85.59, "y": 38.09, "curve": "stepped" },
					{ "time": 0.15, "x": -85.59, "y": 38.09 },
					{ "time": 0.7, "x": -35.99, "y": 13.79 }
				],
				"scale": [
					{ "x": 0.879, "y": -0.949, "curve": "stepped" },
					{ "time": 0.15, "x": 0.879, "y": -0.949 },
					{ "time": 0.7, "x": 0.655, "y": -0.763 }
				]
			},
			"shineCurved3": {
				"rotate": [
					{ "angle": -5.73 },
					{ "time": 0.6667, "angle": 0.18 }
				],
				"translate": [
					{ "x": -44.11, "y": 19.6 },
					{ "time": 0.6667, "x": 9.43, "y": -0.75 }
				],
				"scale": [
					{ "x": 0.826 },
					{ "time": 0.3333 },
					{ "time": 0.6667, "x": 0.826 }
				]
			},
			"shineCurved5": {
				"rotate": [
					{ "angle": 44.02 },
					{ "time": 0.6667, "angle": 32.68 },
					{ "time": 1.0167, "angle": 39.57 },
					{ "time": 1.4833, "angle": 48.83 }
				],
				"translate": [
					{ "x": 19.97, "y": 18.54, "curve": "stepped" },
					{ "time": 0.6667, "x": 19.97, "y": 18.54 },
					{ "time": 1.4833, "x": 61.45, "y": 32.86 }
				],
				"scale": [
					{ "x": 0.726, "y": -1.229, "curve": "stepped" },
					{ "time": 0.6667, "x": 0.726, "y": -1.229 },
					{ "time": 1.4833, "x": 1.121, "y": -1.625 }
				]
			},
			"shineCurved6": {
				"rotate": [
					{ "angle": 44.02, "curve": "stepped" },
					{ "time": 0.75, "angle": 44.02 },
					{ "time": 1.5667, "angle": 30.33 }
				],
				"translate": [
					{ "x": -74.08, "y": -12.81, "curve": "stepped" },
					{ "time": 0.75, "x": -74.08, "y": -12.81 },
					{ "time": 1.5667, "x": -22.7, "y": 1.51 }
				],
				"scale": [
					{ "x": 0.726, "y": 1.229, "curve": "stepped" },
					{ "time": 0.75, "x": 0.726, "y": 1.229 },
					{ "time": 1.5667, "x": 1.201, "y": 1.625 }
				]
			},
			"shineCurved4": {
				"rotate": [
					{ "time": 0.5 },
					{ "time": 1.5, "angle": -14.89 }
				],
				"translate": [
					{ "time": 0.5 },
					{ "time": 1, "x": 6.15, "y": -4.31 },
					{ "time": 1.5, "x": 28.16, "y": -2.8 }
				]
			},
			"shineCurved7": {
				"scale": [
					{ "x": 0.789, "y": 0.779, "curve": "stepped" },
					{ "time": 0.5, "x": 0.789, "y": 0.779 },
					{ "time": 1, "y": 0.908 },
					{ "time": 1.5 }
				],
				"shear": [
					{ "x": -23.27, "y": 6.83, "curve": "stepped" },
					{ "time": 0.5, "x": -23.27, "y": 6.83 },
					{ "time": 1, "x": -0.16, "y": 8.83 },
					{ "time": 1.5, "x": 6.55, "y": 32.68 }
				]
			},
			"shineLine2": {
				"rotate": [
					{ "angle": -15.7, "curve": "stepped" },
					{ "time": 0.3333, "angle": -15.7 },
					{ "time": 0.6667, "angle": -3.41 },
					{ "time": 0.9167, "angle": -1.2 },
					{ "time": 1.2, "angle": 3.23 },
					{ "time": 1.5, "angle": 0.8 }
				],
				"translate": [
					{ "x": -40.7, "y": -24.55, "curve": "stepped" },
					{ "time": 0.3333, "x": -40.7, "y": -24.55 },
					{ "time": 0.6667, "x": -27.08, "y": -12.48 },
					{ "time": 0.9167, "x": -4.18, "y": 5.92 },
					{ "time": 1.5, "x": 35.41, "y": 41.58 }
				],
				"scale": [
					{ "x": 0.16, "y": 0.805, "curve": "stepped" },
					{ "time": 0.3333, "x": 0.16, "y": 0.805 },
					{ "time": 0.9167, "x": 0.657, "y": 0.574 },
					{ "time": 1.5, "x": 0.16, "y": 0.827 }
				]
			},
			"shineLine3": {
				"rotate": [
					{ "angle": -15.7, "curve": "stepped" },
					{ "time": 0.3333, "angle": -15.7 },
					{ "time": 0.6667, "angle": -3.41 },
					{ "time": 0.9167, "angle": -1.2 },
					{ "time": 1.2, "angle": 3.23 },
					{ "time": 1.5, "angle": 0.8 }
				],
				"translate": [
					{ "x": -40.7, "y": -24.55 },
					{ "time": 0.3333, "x": -35.74, "y": -35.14 },
					{ "time": 0.6667, "x": -19.16, "y": -22.84 },
					{ "time": 0.9167, "x": 2.85, "y": -2.57 },
					{ "time": 1.5, "x": 41.71, "y": 34.49 }
				],
				"scale": [
					{ "x": 0.16, "y": 0.805, "curve": "stepped" },
					{ "time": 0.3333, "x": 0.16, "y": 0.805 },
					{ "time": 0.9167, "x": 0.657, "y": 0.574 },
					{ "time": 1.5, "x": 0.16, "y": 0.827 }
				]
			},
			"shineLine4": {
				"rotate": [
					{ "angle": 6.69, "curve": "stepped" },
					{ "time": 1, "angle": 6.69 },
					{ "time": 1.3333, "angle": 2.71 },
					{ "time": 1.6667, "angle": -5.36 }
				],
				"translate": [
					{ "x": 47.04, "y": -31, "curve": "stepped" },
					{ "time": 1, "x": 47.04, "y": -31 },
					{ "time": 1.3333, "x": -0.12, "y": 8.79 },
					{ "time": 1.6667, "x": -40.62, "y": 48.1 }
				],
				"scale": [
					{ "x": 0.16, "y": 0.805, "curve": "stepped" },
					{ "time": 1, "x": 0.16, "y": 0.805 },
					{ "time": 1.3333, "x": 0.657, "y": 0.574 },
					{ "time": 1.6667, "x": 0.16, "y": 0.827 }
				]
			},
			"shineLine5": {
				"rotate": [
					{ "angle": 6.69, "curve": "stepped" },
					{ "time": 1, "angle": 6.69 },
					{ "time": 1.3333, "angle": 2.71 },
					{ "time": 1.6667, "angle": -5.36 }
				],
				"translate": [
					{ "x": 41.41, "y": -31, "curve": "stepped" },
					{ "time": 1, "x": 41.41, "y": -31 },
					{ "time": 1.3333, "x": 6.07, "y": -1.91 },
					{ "time": 1.6667, "x": -44.56, "y": 44.16 }
				],
				"scale": [
					{ "x": 0.16, "y": 0.805, "curve": "stepped" },
					{ "time": 1, "x": 0.16, "y": 0.805 },
					{ "time": 1.3333, "x": 0.657, "y": 0.574 },
					{ "time": 1.6667, "x": 0.16, "y": 0.827 }
				]
			},
			"bink": {
				"rotate": [
					{ "time": 0.6667 },
					{ "time": 1.3333, "angle": -23.33 }
				],
				"translate": [
					{ "x": 200.09 }
				],
				"scale": [
					{ "x": 0.183, "y": 0.183, "curve": "stepped" },
					{ "time": 0.6667, "x": 0.183, "y": 0.183 },
					{ "time": 1.3333, "x": 1.995, "y": 1.995 }
				]
			},
			"bink2": {
				"rotate": [
					{},
					{ "time": 0.6667, "angle": -23.33 }
				],
				"translate": [
					{ "x": -341.36, "y": 42.92 }
				],
				"scale": [
					{ "x": 0.183, "y": 0.183 },
					{ "time": 0.6667, "x": 1.995, "y": 1.995 }
				]
			},
			"bink3": {
				"rotate": [
					{ "time": 0.5 },
					{ "time": 1.1667, "angle": -23.33 }
				],
				"translate": [
					{ "x": -48.37, "y": 54.83 }
				],
				"scale": [
					{ "x": 0.183, "y": 0.183, "curve": "stepped" },
					{ "time": 0.5, "x": 0.183, "y": 0.183 },
					{ "time": 1.1667, "x": 1.995, "y": 1.995 }
				]
			}
		}
	},
	"superWinShow": {
		"slots": {
			"extraWinPawn": {
				"color": [
					{ "color": "ffffff00" }
				]
			},
			"extraWinPawn2": {
				"color": [
					{ "color": "ffffff00" }
				]
			},
			"extraWinPawn4": {
				"color": [
					{ "color": "ffffff00" }
				]
			},
			"freeSpinsSplashPawn1": {
				"color": [
					{ "color": "ffffff00" }
				]
			},
			"megaWinArena": {
				"color": [
					{ "color": "ffffff00" },
					{ "time": 0.5, "color": "ffffffff" }
				]
			},
			"megaWinGlow": {
				"color": [
					{ "color": "ffffff00" },
					{ "time": 0.5, "color": "ffffffff" }
				]
			},
			"sceneSlotSpecialAdd": {
				"color": [
					{ "color": "ffffff00" },
					{ "time": 0.3333, "color": "ffffff9d" },
					{ "time": 0.5, "color": "ffffff00" }
				]
			},
			"sceneSlotSpecialKing": {
				"color": [
					{ "color": "ffffff00" }
				]
			},
			"sceneSlotSpecialKnight": {
				"color": [
					{ "color": "ffffff00" },
					{ "time": 0.3333, "color": "ffffffff" }
				]
			},
			"sceneSlotSpecialKnight2": {
				"color": [
					{ "color": "ffffff00" },
					{ "time": 0.3333, "color": "ffffffff" }
				]
			},
			"sceneSpecialFlagAn": {
				"color": [
					{ "color": "ffffff00" }
				]
			},
			"sceneSpecialFlagAn2": {
				"color": [
					{ "color": "ffffff00" }
				]
			},
			"sceneSpecialFlagPike2": {
				"color": [
					{ "color": "ffffff00" }
				]
			},
			"sceneSpecialFlagPike3": {
				"color": [
					{ "color": "ffffff00" }
				]
			},
			"sceneSpecialPawn": {
				"color": [
					{ "color": "ffffff00" }
				]
			},
			"sceneSpecialPawn2": {
				"color": [
					{ "color": "ffffff00" }
				]
			},
			"shineCurvedYellow": {
				"color": [
					{ "color": "ffffff00" }
				]
			},
			"shineCurvedYellow2": {
				"color": [
					{ "color": "ffffff00" }
				]
			},
			"shineCurvedYellow3": {
				"color": [
					{ "color": "ffffff00" }
				]
			},
			"shineCurvedYellow4": {
				"color": [
					{ "color": "ffffff00" }
				]
			},
			"shineCurvedYellow5": {
				"color": [
					{ "color": "ffffff00" }
				]
			},
			"shineCurvedYellow6": {
				"color": [
					{ "color": "ffffff00" }
				]
			},
			"shineCurvedYellow7": {
				"color": [
					{ "color": "ffffff00" }
				]
			},
			"shineCurvedYellow8": {
				"color": [
					{ "color": "ffffff00" }
				]
			},
			"shineYellow": {
				"color": [
					{ "color": "ffffff00" }
				]
			},
			"shineYellow2": {
				"color": [
					{ "color": "ffffff00" }
				]
			},
			"shineYellow3": {
				"color": [
					{ "color": "ffffff00" }
				]
			},
			"shineYellow5": {
				"color": [
					{ "color": "ffffff00" }
				]
			},
			"shineYellow6": {
				"color": [
					{ "color": "ffffff00" }
				]
			},
			"slotSpecialStoneLAn": {
				"color": [
					{ "color": "ffffff00" },
					{ "time": 0.1667, "color": "ffffffff" }
				]
			},
			"slotSpecialStoneLAnAdd": {
				"color": [
					{ "color": "ffffff00" },
					{ "time": 0.3333, "color": "ffffff9d" },
					{ "time": 0.5, "color": "ffffff00" }
				]
			},
			"slotSpecialStoneRAn": {
				"color": [
					{ "color": "ffffff00" },
					{ "time": 0.1667, "color": "ffffffff" }
				]
			},
			"slotSpecialStoneRAnAdd": {
				"color": [
					{ "color": "ffffff00" },
					{ "time": 0.3333, "color": "ffffff9d" },
					{ "time": 0.5, "color": "ffffff00" }
				]
			},
			"winBlink": {
				"color": [
					{ "color": "ffffff00" }
				]
			},
			"winBlink2": {
				"color": [
					{ "color": "ffffff00" }
				]
			},
			"winBlink3": {
				"color": [
					{ "color": "ffffff00" }
				]
			}
		}
	}
}
}