{
"skeleton": {
	"hash": "NCjHLnr41XdlihUL+t2XgOiKNfI",
	"spine": "3.8.99",
	"x": -1058,
	"y": -1588,
	"width": 3150,
	"height": 2248.19,
	"fps": 60,
	"images": "W:/Slots/Shah Mat/Assets/EN/images/",
	"audio": "D:/www/Games/Slots/pack4/MysticStaxx/resources/spine"
},
"bones": [
	{ "name": "root" },
	{ "name": "pike", "parent": "root", "length": 1238.07, "rotation": 139, "x": 904.21, "y": -475.12 },
	{ "name": "bone2", "parent": "pike", "length": 217.92, "rotation": 131.98, "x": 1236.83, "y": 5.28 },
	{ "name": "bone3", "parent": "bone2", "length": 100.77, "rotation": -64.73, "x": 216.62, "y": -3.69 },
	{ "name": "bone4", "parent": "bone3", "length": 236.47, "rotation": 10.02, "x": 102.99, "y": -1.1 },
	{ "name": "bone5", "parent": "bone4", "length": 178.72, "rotation": 10.98, "x": 246.92, "y": -4.6 },
	{ "name": "bone6", "parent": "bone5", "length": 324.7, "rotation": -88.23, "x": 180.33, "y": -3.57 },
	{ "name": "top", "parent": "bone6", "length": 171.9, "rotation": 52.61, "x": 321.45, "y": 3.74 },
	{ "name": "top1", "parent": "top", "length": 59.63, "rotation": -16.4, "x": 174.57, "y": 0.71 },
	{ "name": "top2", "parent": "top1", "length": 73.89, "rotation": 36.06, "x": 59.63 },
	{ "name": "bot", "parent": "bone6", "length": 178.29, "rotation": 78.65, "x": 321.69, "y": 7.23 },
	{ "name": "bot1", "parent": "bot", "length": 52.19, "rotation": 30.03, "x": 180.47, "y": -3.25 },
	{ "name": "bot2", "parent": "bot1", "length": 38.4, "rotation": -46.92, "x": 52.19 },
	{ "name": "bot3", "parent": "bot2", "length": 46.72, "rotation": 37.22, "x": 41.87, "y": -1.32 },
	{ "name": "bot4", "parent": "bot3", "length": 33.33, "rotation": -126.19, "x": 46.72 },
	{ "name": "bot5", "parent": "bot4", "length": 44.29, "rotation": 94.76, "x": 33.33 },
	{
		"name": "shineCurved",
		"parent": "root",
		"rotation": -17.29,
		"x": 82.35,
		"y": -1072.4,
		"scaleX": 1.7104,
		"scaleY": 1.5355
	},
	{ "name": "shineLine", "parent": "root", "x": 529.24, "y": -1050.22, "scaleX": 3.1544, "scaleY": 1.561 },
	{
		"name": "shineCurved2",
		"parent": "root",
		"rotation": -17.29,
		"x": 255.28,
		"y": -1183.52,
		"scaleX": 1.2494,
		"scaleY": 1.5355
	},
	{
		"name": "shineCurved1",
		"parent": "root",
		"rotation": -17.29,
		"x": 82.35,
		"y": -1072.4,
		"scaleX": 1.7104,
		"scaleY": 1.5355
	},
	{
		"name": "shineCurved3",
		"parent": "root",
		"rotation": 157.36,
		"x": -115.21,
		"y": -985.36,
		"scaleX": 1.7632,
		"scaleY": 2.3869
	},
	{
		"name": "shineCurved4",
		"parent": "root",
		"rotation": -17.29,
		"x": 781.1,
		"y": -1174.11,
		"scaleX": 1.7104,
		"scaleY": 1.5355
	},
	{
		"name": "shineCurved5",
		"parent": "root",
		"rotation": -17.29,
		"x": 955.2,
		"y": -1072.4,
		"scaleX": 1.7104,
		"scaleY": 1.5355
	},
	{
		"name": "shineCurved6",
		"parent": "root",
		"rotation": -17.29,
		"x": 955.2,
		"y": -1072.4,
		"scaleX": 1.7104,
		"scaleY": 1.5355
	},
	{
		"name": "shineCurved7",
		"parent": "root",
		"rotation": 159.6,
		"x": 1061.8,
		"y": -873.34,
		"scaleX": 1.7104,
		"scaleY": 1.4555
	},
	{
		"name": "shineLine2",
		"parent": "root",
		"rotation": 40.8,
		"x": 243.96,
		"y": -990.09,
		"scaleX": 1.0608,
		"scaleY": 1.561
	},
	{
		"name": "shineLine3",
		"parent": "root",
		"rotation": 40.8,
		"x": 243.96,
		"y": -990.09,
		"scaleX": 1.0608,
		"scaleY": 1.561
	},
	{
		"name": "shineLine4",
		"parent": "root",
		"rotation": 137.84,
		"x": 782.74,
		"y": -990.09,
		"scaleX": 1.0608,
		"scaleY": 1.561
	},
	{
		"name": "shineLine5",
		"parent": "root",
		"rotation": 137.84,
		"x": 773.17,
		"y": -990.09,
		"scaleX": 1.0608,
		"scaleY": 1.561
	},
	{ "name": "bink", "parent": "root", "x": 424.08, "y": -1051.36 },
	{ "name": "bink2", "parent": "root", "x": 286.85, "y": -1041.62 },
	{ "name": "bink3", "parent": "root", "x": 286.85, "y": -1041.62 },
	{
		"name": "pike3",
		"parent": "root",
		"length": 1238.07,
		"rotation": -138,
		"x": 126.82,
		"y": -483,
		"scaleX": -1
	},
	{ "name": "bone12", "parent": "pike3", "length": 217.92, "rotation": 131.98, "x": 1236.83, "y": 5.28 },
	{ "name": "bone13", "parent": "bone12", "length": 100.77, "rotation": -64.73, "x": 216.62, "y": -3.69 },
	{ "name": "bone14", "parent": "bone13", "length": 236.47, "rotation": 10.02, "x": 102.99, "y": -1.1 },
	{ "name": "bone15", "parent": "bone14", "length": 178.72, "rotation": 10.98, "x": 246.92, "y": -4.6 },
	{ "name": "bone16", "parent": "bone15", "length": 324.7, "rotation": -88.23, "x": 180.33, "y": -3.57 },
	{ "name": "top6", "parent": "bone16", "length": 171.9, "rotation": 52.61, "x": 321.45, "y": 3.74 },
	{ "name": "top7", "parent": "top6", "length": 59.63, "rotation": -16.4, "x": 174.57, "y": 0.71 },
	{ "name": "top8", "parent": "top7", "length": 73.89, "rotation": 36.06, "x": 59.63 },
	{ "name": "bot12", "parent": "bone16", "length": 178.29, "rotation": 78.65, "x": 321.69, "y": 7.23 },
	{ "name": "bot13", "parent": "bot12", "length": 52.19, "rotation": 30.03, "x": 180.47, "y": -3.25 },
	{ "name": "bot14", "parent": "bot13", "length": 38.4, "rotation": -46.92, "x": 52.19 },
	{ "name": "bot15", "parent": "bot14", "length": 46.72, "rotation": 37.22, "x": 41.87, "y": -1.32 },
	{ "name": "bot16", "parent": "bot15", "length": 33.33, "rotation": -126.19, "x": 46.72 },
	{ "name": "bot17", "parent": "bot16", "length": 44.29, "rotation": 94.76, "x": 33.33 },
	{ "name": "king", "parent": "root", "x": 493.08, "y": -664.41 },
	{ "name": "bishop1", "parent": "root", "x": 271.42, "y": 136.66 },
	{ "name": "bishop2", "parent": "root", "x": 764, "y": 137, "scaleX": -1 },
	{ "name": "knite", "parent": "root", "length": 753.92, "rotation": 91.72, "x": -210.84, "y": -820.38 },
	{ "name": "knite2", "parent": "root", "x": 1299.13, "y": -838.74 },
	{ "name": "knite3", "parent": "knite2", "x": -333 },
	{ "name": "bone", "parent": "root", "x": 959.52, "y": -680.53 }
],
"slots": [
	{ "name": "sceneSlotSpecial2", "bone": "root", "attachment": "sceneSlotSpecial" },
	{ "name": "sceneSpecialFlagPike2", "bone": "pike", "attachment": "sceneSpecialFlagPike" },
	{ "name": "sceneSpecialFlagPike4", "bone": "pike3", "attachment": "sceneSpecialFlagPike" },
	{ "name": "sceneSpecialFlagAn", "bone": "pike", "attachment": "sceneSpecialFlagAn" },
	{ "name": "sceneSpecialFlagAn3", "bone": "pike3", "attachment": "sceneSpecialFlagAn" },
	{ "name": "sceneSlotSpecialKnight", "bone": "knite", "attachment": "sceneSlotSpecialKnight" },
	{ "name": "sceneSlotSpecialKnight2", "bone": "knite3", "attachment": "sceneSlotSpecialKnight" },
	{ "name": "megaWinArena", "bone": "root", "attachment": "megaWinArena" },
	{ "name": "slotSpecialStoneLAn", "bone": "root", "attachment": "slotSpecialStoneLAn" },
	{ "name": "slotSpecialStoneRAn", "bone": "root", "attachment": "slotSpecialStoneRAn" },
	{ "name": "sceneSpecialPawn", "bone": "root", "attachment": "sceneSpecialPawn" },
	{ "name": "shineCurvedYellow", "bone": "shineCurved", "attachment": "shineCurvedYellow", "blend": "additive" },
	{ "name": "shineCurvedYellow5", "bone": "shineCurved4", "attachment": "shineCurvedYellow", "blend": "additive" },
	{ "name": "shineCurvedYellow8", "bone": "shineCurved7", "attachment": "shineCurvedYellow", "blend": "additive" },
	{ "name": "shineCurvedYellow7", "bone": "shineCurved6", "attachment": "shineCurvedYellow", "blend": "additive" },
	{ "name": "shineCurvedYellow6", "bone": "shineCurved5", "attachment": "shineCurvedYellow", "blend": "additive" },
	{ "name": "shineCurvedYellow4", "bone": "shineCurved3", "attachment": "shineCurvedYellow", "blend": "additive" },
	{ "name": "shineCurvedYellow3", "bone": "shineCurved1", "attachment": "shineCurvedYellow", "blend": "additive" },
	{ "name": "shineCurvedYellow2", "bone": "shineCurved2", "attachment": "shineCurvedYellow", "blend": "additive" },
	{ "name": "shineYellow", "bone": "shineLine", "attachment": "shineYellow", "blend": "additive" },
	{ "name": "shineYellow2", "bone": "shineLine2", "attachment": "shineYellow", "blend": "additive" },
	{ "name": "shineYellow3", "bone": "shineLine3", "attachment": "shineYellow", "blend": "additive" },
	{ "name": "shineYellow5", "bone": "shineLine4", "attachment": "shineYellow", "blend": "additive" },
	{ "name": "shineYellow6", "bone": "shineLine5", "attachment": "shineYellow", "blend": "additive" },
	{ "name": "winBlink", "bone": "bink", "attachment": "winBlink", "blend": "additive" },
	{ "name": "winBlink2", "bone": "bink2", "attachment": "winBlink", "blend": "additive" },
	{ "name": "winBlink3", "bone": "bink3", "attachment": "winBlink", "blend": "additive" },
	{ "name": "slotUp", "bone": "root" },
	{ "name": "sceneSlotSpecialKing", "bone": "king", "attachment": "sceneSlotSpecialKing" },
	{ "name": "sceneSlotSpecialBishop2", "bone": "bishop1", "attachment": "sceneSlotSpecialBishop" },
	{ "name": "sceneSlotSpecialBishop3", "bone": "bishop2", "attachment": "sceneSlotSpecialBishop" },
	{ "name": "slot", "bone": "root", "attachment": "slot" }
],
"skins": [
	{
		"name": "default",
		"attachments": {
			"megaWinArena": {
				"megaWinArena": { "x": 517, "y": -738, "width": 870, "height": 89 }
			},
			"sceneSlotSpecial2": {
				"sceneSlotSpecial": { "x": 517, "y": -500, "width": 3150, "height": 2176 }
			},
			"sceneSlotSpecialBishop2": {
				"sceneSlotSpecialBishop": { "x": -22.42, "y": 58.34, "scaleX": -1, "rotation": 21, "width": 273, "height": 568 }
			},
			"sceneSlotSpecialBishop3": {
				"sceneSlotSpecialBishop": { "x": -22.42, "y": 58.34, "scaleX": -1, "rotation": 21, "width": 273, "height": 568 }
			},
			"sceneSlotSpecialKing": {
				"sceneSlotSpecialKing": { "x": 17.92, "y": 555.41, "width": 824, "height": 1327 }
			},
			"sceneSlotSpecialKnight": {
				"sceneSlotSpecialKnight": { "x": 388.37, "y": 60.53, "rotation": -91.72, "width": 792, "height": 1067 }
			},
			"sceneSlotSpecialKnight2": {
				"sceneSlotSpecialKnight": { "x": 18.89, "y": 404.74, "scaleX": -1, "width": 792, "height": 1067 }
			},
			"sceneSpecialFlagAn": {
				"sceneSpecialFlagAn": {
					"type": "mesh",
					"uvs": [ 0.19092, 5.0E-4, 0.30014, 0.09158, 0.38676, 0.43423, 0.41412, 0.47567, 0.43975, 0.49699, 0.45837, 0.49797, 0.47144, 0.48497, 0.46911, 0.4439, 0.48941, 0.35901, 0.56053, 0.23532, 0.65887, 0.18521, 0.68812, 0.30261, 0.70282, 0.32357, 0.73504, 0.09545, 0.81795, 0.05628, 0.86143, 0.03574, 0.89603, 0.20495, 0.84246, 0.17076, 0.82294, 0.24098, 0.83409, 0.34911, 0.86695, 0.44453, 0.90236, 0.41542, 0.92566, 0.39627, 0.99547, 0.69034, 0.99301, 0.72927, 0.9548, 0.69819, 0.9251, 0.75001, 0.95052, 0.87889, 0.92211, 0.99804, 0.84437, 0.99778, 0.78235, 0.90289, 0.71589, 0.80122, 0.57111, 0.86582, 0.51584, 0.94998, 0.46098, 0.99847, 0.34655, 0.94627, 0.2673, 0.60888, 0.22995, 0.34324, 0.19632, 0.29806, 0.16879, 0.29056, 0.14804, 0.31424, 0.13047, 0.31026, 0.10998, 0.37286, 0.09943, 0.37498, 0.07736, 0.33485, 0.05462, 0.3726, 0.04233, 0.36388, 0.04149, 0.31929, 0.03604, 0.32158, 0.02931, 0.31274, 0.01359, 0.31457, 0.00362, 0.30828, 0.01237, 0.29837, 0.02655, 0.2853, 0.03537, 0.29489, 0.04616, 0.29152, 0.05468, 0.29748, 0.05259, 0.32702, 0.05533, 0.33652, 0.06399, 0.32649, 0.07461, 0.29181, 0.09983, 0.28759, 0.1104, 0.26099, 0.11891, 0.21657, 0.13768, 0.1878, 0.18551, 0.18257, 0.20571, 0.17735, 0.1899, 0.13969, 0.14053, 0.14997, 0.11622, 0.07827, 0.10417, 0.06454, 0.08825, 0.07796, 0.06763, 0.06446, 0.05332, 0.07491, 0.03828, 0.06572, 0.06014, 0.03941, 0.08406, 0.03857, 0.09128, 0.01682, 0.10892, 0.0139, 0.13054, 0.03119, 0.74438, 0.62632 ],
					"triangles": [ 72, 75, 76, 70, 77, 78, 76, 77, 70, 73, 74, 75, 73, 75, 72, 71, 76, 70, 72, 76, 71, 69, 70, 78, 79, 69, 78, 67, 79, 0, 66, 67, 0, 68, 79, 67, 69, 79, 68, 1, 66, 0, 49, 53, 54, 50, 52, 53, 49, 50, 53, 51, 52, 50, 47, 54, 55, 48, 49, 54, 47, 48, 54, 57, 55, 56, 47, 55, 57, 46, 47, 57, 46, 57, 58, 45, 46, 58, 45, 58, 59, 45, 59, 44, 59, 60, 44, 41, 63, 64, 40, 41, 64, 62, 63, 41, 44, 60, 61, 41, 42, 61, 41, 61, 62, 43, 44, 61, 42, 43, 61, 39, 64, 65, 38, 65, 66, 39, 65, 38, 39, 40, 64, 37, 66, 1, 38, 66, 37, 37, 1, 2, 36, 37, 2, 3, 35, 36, 3, 36, 2, 35, 3, 4, 35, 4, 34, 6, 7, 8, 33, 6, 8, 5, 6, 33, 4, 5, 34, 31, 11, 80, 11, 32, 9, 11, 9, 10, 32, 11, 31, 33, 8, 32, 31, 80, 30, 9, 32, 8, 34, 5, 33, 13, 14, 18, 18, 12, 13, 12, 18, 19, 80, 12, 19, 80, 19, 20, 80, 20, 26, 80, 11, 12, 30, 80, 26, 29, 30, 26, 28, 29, 26, 27, 28, 26, 17, 14, 15, 17, 15, 16, 18, 14, 17, 25, 22, 23, 21, 22, 25, 24, 25, 23, 25, 20, 21, 26, 20, 25 ],
					"vertices": [ 1, 7, 114.59, -53.43, 1, 2, 6, 328.62, -43.12, 0.50141, 7, -32.88, -34.15, 0.49859, 2, 4, 388.36, -108.68, 0.08479, 6, 123.58, -65.15, 0.91521, 3, 4, 359.07, -79.77, 0.17578, 5, 95.79, -95.15, 0.10651, 6, 88.92, -87.33, 0.71771, 3, 4, 329.49, -61.25, 0.24826, 5, 70.28, -71.34, 0.36228, 6, 64.34, -112.1, 0.38947, 3, 4, 306.22, -54.91, 0.29139, 5, 48.64, -60.69, 0.50838, 6, 53.01, -133.39, 0.20023, 3, 4, 288.2, -57.16, 0.28506, 5, 30.52, -59.46, 0.59704, 6, 51.23, -151.47, 0.1179, 2, 4, 286.09, -78.02, 0.276, 5, 24.47, -79.54, 0.724, 2, 4, 250.17, -113.21, 0.29711, 5, -17.49, -107.24, 0.70289, 2, 4, 145.65, -151.41, 0.91264, 5, -127.37, -124.85, 0.08736, 1, 4, 15.97, -144.99, 1, 2, 2, 192.03, -137.32, 0.10244, 4, -6.36, -78.28, 0.89756, 2, 2, 195, -115.74, 0.85431, 4, -22.26, -63.38, 0.14569, 1, 2, 72.52, -118.55, 1, 1, 1, 1245.71, 33.73, 1, 1, 1, 1229.59, -21.21, 1, 1, 1, 1133.11, -22.68, 1, 1, 1, 1179.8, 31.45, 1, 2, 1, 1159.54, 70.01, 0.20135, 2, 99.81, 14.16, 0.79865, 2, 1, 1104.3, 81.75, 0.34692, 2, 145.49, 47.38, 0.65308, 2, 1, 1042.1, 65.48, 0.71825, 2, 175.01, 104.5, 0.28175, 1, 1, 1034.54, 17.92, 1, 1, 1, 1029.57, -13.36, 1, 1, 1, 856.25, -27.11, 1, 1, 1, 840.14, -15.4, 1, 1, 1, 876.47, 21.7, 1, 2, 1, 870.45, 67.83, 0.33527, 2, 291.55, 230.54, 0.66473, 2, 2, 340.3, 284.79, 0.62152, 4, -265.22, 286.62, 0.37848, 2, 2, 409.71, 272.28, 0.54569, 4, -214.92, 336.04, 0.45431, 2, 2, 446.03, 178.39, 0.75272, 4, -117.3, 311.44, 0.24728, 2, 2, 430.44, 86.17, 0.53529, 4, -51.03, 245.44, 0.46471, 2, 2, 413.73, -12.65, 0.16054, 4, 19.97, 174.71, 0.83946, 1, 4, 209.77, 160.77, 1, 3, 4, 289.52, 184.6, 0.61848, 5, 77.85, 177.62, 0.17688, 6, -184.28, -96.83, 0.20464, 3, 4, 364.39, 191.08, 0.48254, 5, 152.58, 169.73, 0.30707, 6, -174.08, -22.37, 0.21038, 3, 4, 501.72, 129.49, 0.16464, 5, 275.67, 83.12, 0.37179, 6, -83.69, 97.98, 0.46357, 3, 4, 559.85, -60.73, 0.03207, 5, 296.52, -114.69, 0.05788, 6, 114.67, 112.7, 0.91005, 2, 6, 256.21, 95.33, 0.41903, 10, 73.49, 81.55, 0.58097, 2, 10, 109.37, 47.95, 0.87594, 11, -35.94, 79.91, 0.12406, 2, 10, 142.73, 34.79, 0.60984, 11, -13.64, 51.82, 0.39016, 2, 10, 171.82, 39.15, 0.46284, 11, 13.72, 41.04, 0.53716, 1, 11, 28.23, 23.41, 1, 1, 11, 69.38, 26.64, 1, 1, 11, 79.72, 17.65, 1, 2, 11, 85.3, -16.94, 0.38, 12, 34.99, 12.62, 0.62, 1, 13, 37.99, 13.5, 1, 3, 13, 48.33, 0.61, 0.43939, 14, -1.44, 0.94, 0.35745, 15, 3.82, 34.58, 0.20316, 2, 14, 21.06, 2.18, 0.8506, 15, 3.19, 12.05, 0.1494, 3, 13, 42.44, -21.48, 0.0711, 14, 19.86, 9.23, 0.34048, 15, 10.32, 12.66, 0.58842, 1, 15, 18.66, 7.54, 1, 1, 15, 39.03, 6.92, 1, 1, 15, 51.66, 2.77, 1, 1, 15, 39.99, -1.36, 1, 1, 15, 21.17, -6.54, 1, 1, 15, 10.15, -0.84, 1, 2, 14, 35.13, -3.78, 0.44719, 15, -3.91, -1.48, 0.55281, 3, 13, 15.74, -17.23, 0.07011, 14, 32.2, -14.83, 0.66574, 15, -14.68, 2.37, 0.26415, 2, 13, 26.66, -6.71, 0.05673, 14, 17.26, -12.22, 0.94327, 2, 13, 26.59, -0.75, 0.22562, 14, 12.49, -15.8, 0.77438, 2, 13, 14.52, 1.71, 0.73703, 14, 17.63, -26.99, 0.26297, 3, 11, 72.3, -34.72, 0.4673, 12, 39.09, -9.02, 0.48022, 15, -40.64, 1.47, 0.05248, 2, 10, 228.39, 9.53, 0.0474, 11, 47.88, -12.92, 0.9526, 2, 10, 211.62, 0.23, 0.08512, 11, 28.71, -12.57, 0.91488, 2, 10, 195.01, -18.45, 0.50095, 11, 4.98, -20.44, 0.49905, 2, 10, 167.72, -25.97, 0.72439, 11, -22.41, -13.29, 0.27561, 2, 10, 107.32, -12, 0.93057, 11, -67.71, 29.03, 0.06943, 2, 10, 81.4, -7.56, 0.61646, 7, 79.38, 30.85, 0.38354, 1, 7, 102.99, 15.91, 1, 1, 7, 164.9, 32.74, 1, 3, 7, 202.49, 2.92, 0.35896, 8, 26.16, 10, 0.35146, 9, -21.18, 27.78, 0.28958, 2, 8, 43.2, 10.89, 0.50151, 9, -6.87, 18.47, 0.49849, 1, 9, 14.56, 21.9, 1, 1, 9, 39.85, 10.95, 1, 1, 9, 58.98, 13.23, 1, 1, 9, 77.48, 5.57, 1, 1, 9, 47.43, -3.07, 1, 1, 9, 16.77, 1.4, 1, 1, 9, 5.81, -7.96, 1, 2, 8, 49.32, -14.69, 0.70203, 9, -16.98, -5.81, 0.29797, 2, 7, 188.61, -23.86, 0.53034, 8, 20.4, -19.61, 0.46966, 2, 2, 318.04, -10.22, 0.67307, 4, -37.3, 98.01, 0.32693 ],
					"hull": 80,
					"edges": [ 2, 4, 4, 6, 16, 18, 18, 20, 20, 22, 30, 32, 32, 34, 34, 36, 44, 46, 56, 58, 66, 68, 68, 70, 102, 104, 120, 122, 146, 148, 6, 70, 70, 72, 72, 74, 4, 72, 10, 68, 16, 66, 22, 62, 26, 36, 2, 74, 92, 94, 104, 106, 106, 108, 108, 110, 110, 112, 112, 114, 94, 96, 96, 98, 98, 100, 100, 102, 88, 90, 90, 92, 84, 86, 86, 88, 114, 116, 116, 118, 118, 120, 82, 84, 122, 124, 124, 126, 126, 128, 144, 146, 140, 142, 142, 144, 152, 154, 148, 150, 150, 152, 136, 138, 138, 140, 154, 156, 156, 158, 128, 130, 134, 136, 130, 132, 132, 134, 78, 80, 80, 82, 74, 76, 76, 78, 2, 0, 0, 158, 62, 64, 64, 66, 6, 8, 8, 10, 14, 16, 24, 26, 22, 24, 36, 38, 38, 40, 24, 38, 58, 60, 60, 62, 24, 160, 160, 60, 160, 40, 26, 28, 28, 30, 28, 34, 46, 48, 54, 56, 48, 50, 50, 52, 52, 54, 40, 42, 42, 44, 42, 50, 52, 40, 10, 12, 12, 14 ],
					"width": 1295,
					"height": 505
				}
			},
			"sceneSpecialFlagAn3": {
				"sceneSpecialFlagAn": {
					"type": "mesh",
					"uvs": [ 0.19092, 5.0E-4, 0.30014, 0.09158, 0.38676, 0.43423, 0.41412, 0.47567, 0.43975, 0.49699, 0.45837, 0.49797, 0.47144, 0.48497, 0.46911, 0.4439, 0.48941, 0.35901, 0.56053, 0.23532, 0.65887, 0.18521, 0.68812, 0.30261, 0.70282, 0.32357, 0.73504, 0.09545, 0.81795, 0.05628, 0.86143, 0.03574, 0.89603, 0.20495, 0.84246, 0.17076, 0.82294, 0.24098, 0.83409, 0.34911, 0.86695, 0.44453, 0.90236, 0.41542, 0.92566, 0.39627, 0.99547, 0.69034, 0.99301, 0.72927, 0.9548, 0.69819, 0.9251, 0.75001, 0.95052, 0.87889, 0.92211, 0.99804, 0.84437, 0.99778, 0.78235, 0.90289, 0.71589, 0.80122, 0.57111, 0.86582, 0.51584, 0.94998, 0.46098, 0.99847, 0.34655, 0.94627, 0.2673, 0.60888, 0.22995, 0.34324, 0.19632, 0.29806, 0.16879, 0.29056, 0.14804, 0.31424, 0.13047, 0.31026, 0.10998, 0.37286, 0.09943, 0.37498, 0.07736, 0.33485, 0.05462, 0.3726, 0.04233, 0.36388, 0.04149, 0.31929, 0.03604, 0.32158, 0.02931, 0.31274, 0.01359, 0.31457, 0.00362, 0.30828, 0.01237, 0.29837, 0.02655, 0.2853, 0.03537, 0.29489, 0.04616, 0.29152, 0.05468, 0.29748, 0.05259, 0.32702, 0.05533, 0.33652, 0.06399, 0.32649, 0.07461, 0.29181, 0.09983, 0.28759, 0.1104, 0.26099, 0.11891, 0.21657, 0.13768, 0.1878, 0.18551, 0.18257, 0.20571, 0.17735, 0.1899, 0.13969, 0.14053, 0.14997, 0.11622, 0.07827, 0.10417, 0.06454, 0.08825, 0.07796, 0.06763, 0.06446, 0.05332, 0.07491, 0.03828, 0.06572, 0.06014, 0.03941, 0.08406, 0.03857, 0.09128, 0.01682, 0.10892, 0.0139, 0.13054, 0.03119, 0.74438, 0.62632 ],
					"triangles": [ 72, 75, 76, 70, 77, 78, 76, 77, 70, 73, 74, 75, 73, 75, 72, 71, 76, 70, 72, 76, 71, 69, 70, 78, 79, 69, 78, 67, 79, 0, 66, 67, 0, 68, 79, 67, 69, 79, 68, 1, 66, 0, 49, 53, 54, 50, 52, 53, 49, 50, 53, 51, 52, 50, 47, 54, 55, 48, 49, 54, 47, 48, 54, 57, 55, 56, 47, 55, 57, 46, 47, 57, 46, 57, 58, 45, 46, 58, 45, 58, 59, 45, 59, 44, 59, 60, 44, 41, 63, 64, 40, 41, 64, 62, 63, 41, 44, 60, 61, 41, 42, 61, 41, 61, 62, 43, 44, 61, 42, 43, 61, 39, 64, 65, 38, 65, 66, 39, 65, 38, 39, 40, 64, 37, 66, 1, 38, 66, 37, 37, 1, 2, 36, 37, 2, 3, 35, 36, 3, 36, 2, 35, 3, 4, 35, 4, 34, 6, 7, 8, 33, 6, 8, 5, 6, 33, 4, 5, 34, 31, 11, 80, 11, 32, 9, 11, 9, 10, 32, 11, 31, 33, 8, 32, 31, 80, 30, 9, 32, 8, 34, 5, 33, 13, 14, 18, 18, 12, 13, 12, 18, 19, 80, 12, 19, 80, 19, 20, 80, 20, 26, 80, 11, 12, 30, 80, 26, 29, 30, 26, 28, 29, 26, 27, 28, 26, 17, 14, 15, 17, 15, 16, 18, 14, 17, 25, 22, 23, 21, 22, 25, 24, 25, 23, 25, 20, 21, 26, 20, 25 ],
					"vertices": [ 1, 38, 114.59, -53.43, 1, 2, 37, 328.62, -43.12, 0.50141, 38, -32.88, -34.15, 0.49859, 2, 35, 388.36, -108.68, 0.08479, 37, 123.58, -65.15, 0.91521, 3, 35, 359.07, -79.77, 0.17578, 36, 95.79, -95.15, 0.10651, 37, 88.92, -87.33, 0.71771, 3, 35, 329.49, -61.25, 0.24826, 36, 70.28, -71.34, 0.36228, 37, 64.34, -112.1, 0.38947, 3, 35, 306.22, -54.91, 0.29139, 36, 48.64, -60.69, 0.50838, 37, 53.01, -133.39, 0.20023, 3, 35, 288.2, -57.16, 0.28506, 36, 30.52, -59.46, 0.59704, 37, 51.23, -151.47, 0.1179, 2, 35, 286.09, -78.02, 0.276, 36, 24.47, -79.54, 0.724, 2, 35, 250.17, -113.21, 0.29711, 36, -17.49, -107.24, 0.70289, 2, 35, 145.65, -151.41, 0.91264, 36, -127.37, -124.85, 0.08736, 1, 35, 15.97, -144.99, 1, 2, 33, 192.03, -137.32, 0.10244, 35, -6.36, -78.28, 0.89756, 2, 33, 195, -115.74, 0.85431, 35, -22.26, -63.38, 0.14569, 1, 33, 72.52, -118.55, 1, 1, 32, 1245.71, 33.73, 1, 1, 32, 1229.59, -21.21, 1, 1, 32, 1133.11, -22.68, 1, 1, 32, 1179.8, 31.45, 1, 2, 32, 1159.54, 70.01, 0.20135, 33, 99.81, 14.16, 0.79865, 2, 32, 1104.3, 81.75, 0.34692, 33, 145.49, 47.38, 0.65308, 2, 32, 1042.1, 65.48, 0.71825, 33, 175.01, 104.5, 0.28175, 1, 32, 1034.54, 17.92, 1, 1, 32, 1029.57, -13.36, 1, 1, 32, 856.25, -27.11, 1, 1, 32, 840.14, -15.4, 1, 1, 32, 876.47, 21.7, 1, 2, 32, 870.45, 67.83, 0.33527, 33, 291.55, 230.54, 0.66473, 2, 33, 340.3, 284.79, 0.62152, 35, -265.22, 286.62, 0.37848, 2, 33, 409.71, 272.28, 0.54569, 35, -214.92, 336.04, 0.45431, 2, 33, 446.03, 178.39, 0.75272, 35, -117.3, 311.44, 0.24728, 2, 33, 430.44, 86.17, 0.53529, 35, -51.03, 245.44, 0.46471, 2, 33, 413.73, -12.65, 0.16054, 35, 19.97, 174.71, 0.83946, 1, 35, 209.77, 160.77, 1, 3, 35, 289.52, 184.6, 0.61848, 36, 77.85, 177.62, 0.17688, 37, -184.28, -96.83, 0.20464, 3, 35, 364.39, 191.08, 0.48254, 36, 152.58, 169.73, 0.30707, 37, -174.08, -22.37, 0.21038, 3, 35, 501.72, 129.49, 0.16464, 36, 275.67, 83.12, 0.37179, 37, -83.69, 97.98, 0.46357, 3, 35, 559.85, -60.73, 0.03207, 36, 296.52, -114.69, 0.05788, 37, 114.67, 112.7, 0.91005, 2, 37, 256.21, 95.33, 0.41903, 41, 73.49, 81.55, 0.58097, 2, 41, 109.37, 47.95, 0.87594, 42, -35.94, 79.91, 0.12406, 2, 41, 142.73, 34.79, 0.60984, 42, -13.64, 51.82, 0.39016, 2, 41, 171.82, 39.15, 0.46284, 42, 13.72, 41.04, 0.53716, 1, 42, 28.23, 23.41, 1, 1, 42, 69.38, 26.64, 1, 1, 42, 79.72, 17.65, 1, 2, 42, 85.3, -16.94, 0.38, 43, 34.99, 12.62, 0.62, 1, 44, 37.99, 13.5, 1, 3, 44, 48.33, 0.61, 0.43939, 45, -1.44, 0.94, 0.35745, 46, 3.82, 34.58, 0.20316, 2, 45, 21.06, 2.18, 0.8506, 46, 3.19, 12.05, 0.1494, 3, 44, 42.44, -21.48, 0.0711, 45, 19.86, 9.23, 0.34048, 46, 10.32, 12.66, 0.58842, 1, 46, 18.66, 7.54, 1, 1, 46, 39.03, 6.92, 1, 1, 46, 51.66, 2.77, 1, 1, 46, 39.99, -1.36, 1, 1, 46, 21.17, -6.54, 1, 1, 46, 10.15, -0.84, 1, 2, 45, 35.13, -3.78, 0.44719, 46, -3.91, -1.48, 0.55281, 3, 44, 15.74, -17.23, 0.07011, 45, 32.2, -14.83, 0.66574, 46, -14.68, 2.37, 0.26415, 2, 44, 26.66, -6.71, 0.05673, 45, 17.26, -12.22, 0.94327, 2, 44, 26.59, -0.75, 0.22562, 45, 12.49, -15.8, 0.77438, 2, 44, 14.52, 1.71, 0.73703, 45, 17.63, -26.99, 0.26297, 3, 42, 72.3, -34.72, 0.4673, 43, 39.09, -9.02, 0.48022, 46, -40.64, 1.47, 0.05248, 2, 41, 228.39, 9.53, 0.0474, 42, 47.88, -12.92, 0.9526, 2, 41, 211.62, 0.23, 0.08512, 42, 28.71, -12.57, 0.91488, 2, 41, 195.01, -18.45, 0.50095, 42, 4.98, -20.44, 0.49905, 2, 41, 167.72, -25.97, 0.72439, 42, -22.41, -13.29, 0.27561, 2, 41, 107.32, -12, 0.93057, 42, -67.71, 29.03, 0.06943, 2, 41, 81.4, -7.56, 0.61646, 38, 79.38, 30.85, 0.38354, 1, 38, 102.99, 15.91, 1, 1, 38, 164.9, 32.74, 1, 3, 38, 202.49, 2.92, 0.35896, 39, 26.16, 10, 0.35146, 40, -21.18, 27.78, 0.28958, 2, 39, 43.2, 10.89, 0.50151, 40, -6.87, 18.47, 0.49849, 1, 40, 14.56, 21.9, 1, 1, 40, 39.85, 10.95, 1, 1, 40, 58.98, 13.23, 1, 1, 40, 77.48, 5.57, 1, 1, 40, 47.43, -3.07, 1, 1, 40, 16.77, 1.4, 1, 1, 40, 5.81, -7.96, 1, 2, 39, 49.32, -14.69, 0.70203, 40, -16.98, -5.81, 0.29797, 2, 38, 188.61, -23.86, 0.53034, 39, 20.4, -19.61, 0.46966, 2, 33, 318.04, -10.22, 0.67307, 35, -37.3, 98.01, 0.32693 ],
					"hull": 80,
					"edges": [ 2, 4, 4, 6, 16, 18, 18, 20, 20, 22, 30, 32, 32, 34, 34, 36, 44, 46, 56, 58, 66, 68, 68, 70, 102, 104, 120, 122, 146, 148, 6, 70, 70, 72, 72, 74, 4, 72, 10, 68, 16, 66, 22, 62, 26, 36, 2, 74, 92, 94, 104, 106, 106, 108, 108, 110, 110, 112, 112, 114, 94, 96, 96, 98, 98, 100, 100, 102, 88, 90, 90, 92, 84, 86, 86, 88, 114, 116, 116, 118, 118, 120, 82, 84, 122, 124, 124, 126, 126, 128, 144, 146, 140, 142, 142, 144, 152, 154, 148, 150, 150, 152, 136, 138, 138, 140, 154, 156, 156, 158, 128, 130, 134, 136, 130, 132, 132, 134, 78, 80, 80, 82, 74, 76, 76, 78, 2, 0, 0, 158, 62, 64, 64, 66, 6, 8, 8, 10, 14, 16, 24, 26, 22, 24, 36, 38, 38, 40, 24, 38, 58, 60, 60, 62, 24, 160, 160, 60, 160, 40, 26, 28, 28, 30, 28, 34, 46, 48, 54, 56, 48, 50, 50, 52, 52, 54, 40, 42, 42, 44, 42, 50, 52, 40, 10, 12, 12, 14 ],
					"width": 1295,
					"height": 505
				}
			},
			"sceneSpecialFlagPike2": {
				"sceneSpecialFlagPike": {
					"type": "mesh",
					"uvs": [ 1, 1, 0, 1, 0, 0, 1, 0 ],
					"triangles": [ 0, 1, 2, 0, 2, 3 ],
					"vertices": [ 1, 1, -51.62, -58.62, 1, 1, 1, -51.62, 77.38, 1, 1, 1, 1643.38, 77.38, 1, 1, 1, 1643.38, -58.62, 1 ],
					"hull": 4,
					"edges": [ 0, 2, 2, 4, 4, 6, 0, 6 ],
					"width": 136,
					"height": 1695
				}
			},
			"sceneSpecialFlagPike4": {
				"sceneSpecialFlagPike": {
					"type": "mesh",
					"uvs": [ 1, 1, 0, 1, 0, 0, 1, 0 ],
					"triangles": [ 0, 1, 2, 0, 2, 3 ],
					"vertices": [ 1, 32, -51.62, -58.62, 1, 1, 32, -51.62, 77.38, 1, 1, 32, 1643.38, 77.38, 1, 1, 32, 1643.38, -58.62, 1 ],
					"hull": 4,
					"edges": [ 0, 2, 2, 4, 4, 6, 0, 6 ],
					"width": 136,
					"height": 1695
				}
			},
			"sceneSpecialPawn": {
				"sceneSpecialPawn": { "x": -288, "y": -923, "width": 328, "height": 227 }
			},
			"shineCurvedYellow": {
				"shineCurvedYellow": { "x": -0.49, "y": -7.16, "width": 135, "height": 68 }
			},
			"shineCurvedYellow2": {
				"shineCurvedYellow": { "x": 44.03, "y": 77.79, "rotation": -12.78, "width": 135, "height": 68 }
			},
			"shineCurvedYellow3": {
				"shineCurvedYellow": { "x": -0.49, "y": -7.16, "width": 135, "height": 68 }
			},
			"shineCurvedYellow4": {
				"shineCurvedYellow": { "x": -0.49, "y": -7.16, "rotation": 3.6, "width": 135, "height": 68 }
			},
			"shineCurvedYellow5": {
				"shineCurvedYellow": {
					"x": -61.62,
					"y": 39.32,
					"scaleX": 0.9493,
					"scaleY": 1.3835,
					"rotation": 45.91,
					"width": 135,
					"height": 68
				}
			},
			"shineCurvedYellow6": {
				"shineCurvedYellow": { "x": -0.49, "y": -7.16, "width": 135, "height": 68 }
			},
			"shineCurvedYellow7": {
				"shineCurvedYellow": { "x": -0.49, "y": -7.16, "width": 135, "height": 68 }
			},
			"shineCurvedYellow8": {
				"shineCurvedYellow": {
					"x": -61.62,
					"y": 39.32,
					"scaleX": 0.9493,
					"scaleY": 1.3835,
					"rotation": 45.91,
					"width": 135,
					"height": 68
				}
			},
			"shineYellow": {
				"shineYellow": { "x": -1.83, "y": 0.03, "width": 128, "height": 52 }
			},
			"shineYellow2": {
				"shineYellow": { "x": -1.83, "y": 0.03, "width": 128, "height": 52 }
			},
			"shineYellow3": {
				"shineYellow": { "x": -1.83, "y": 0.03, "width": 128, "height": 52 }
			},
			"shineYellow5": {
				"shineYellow": { "x": -1.83, "y": 0.03, "width": 128, "height": 52 }
			},
			"shineYellow6": {
				"shineYellow": { "x": -1.83, "y": 0.03, "width": 128, "height": 52 }
			},
			"slot": {
				"slot": { "x": 518, "y": -533, "width": 976, "height": 879 }
			},
			"slotSpecialStoneLAn": {
				"slotSpecialStoneLAn": { "x": -46.5, "y": -889.5, "width": 291, "height": 293 }
			},
			"slotSpecialStoneRAn": {
				"slotSpecialStoneRAn": { "x": 1086, "y": -889.54, "width": 258, "height": 285 }
			},
			"winBlink": {
				"winBlink": { "x": -0.55, "y": -3.21, "width": 81, "height": 81 }
			},
			"winBlink2": {
				"winBlink": { "x": -0.55, "y": -3.21, "rotation": 21.25, "width": 81, "height": 81 }
			},
			"winBlink3": {
				"winBlink": { "x": -0.55, "y": -3.21, "rotation": 21.25, "width": 81, "height": 81 }
			}
		}
	}
],
"animations": {
	"init": {
		"slots": {
			"sceneSlotSpecialKing": {
				"color": [
					{ "color": "ffffff00" }
				]
			},
			"sceneSpecialFlagAn": {
				"color": [
					{ "color": "ffffff00" }
				]
			},
			"sceneSpecialFlagAn3": {
				"color": [
					{ "color": "ffffff00" }
				]
			},
			"sceneSpecialFlagPike2": {
				"color": [
					{ "color": "ffffff00" }
				]
			},
			"sceneSpecialFlagPike4": {
				"color": [
					{ "color": "ffffff00" }
				]
			},
			"shineCurvedYellow": {
				"color": [
					{ "color": "ffffff00" }
				]
			},
			"shineCurvedYellow2": {
				"color": [
					{ "color": "ffffff00" }
				]
			},
			"shineCurvedYellow3": {
				"color": [
					{ "color": "ffffff00" }
				]
			},
			"shineCurvedYellow4": {
				"color": [
					{ "color": "ffffff00" }
				]
			},
			"shineCurvedYellow5": {
				"color": [
					{ "color": "ffffff00" }
				]
			},
			"shineCurvedYellow6": {
				"color": [
					{ "color": "ffffff00" }
				]
			},
			"shineCurvedYellow7": {
				"color": [
					{ "color": "ffffff00" }
				]
			},
			"shineCurvedYellow8": {
				"color": [
					{ "color": "ffffff00" }
				]
			},
			"shineYellow": {
				"color": [
					{ "color": "ffffff00" }
				]
			},
			"shineYellow2": {
				"color": [
					{ "color": "ffffff00" }
				]
			},
			"shineYellow3": {
				"color": [
					{ "color": "ffffff00" }
				]
			},
			"shineYellow5": {
				"color": [
					{ "color": "ffffff00" }
				]
			},
			"shineYellow6": {
				"color": [
					{ "color": "ffffff00" }
				]
			},
			"winBlink": {
				"color": [
					{ "color": "ffffff00" }
				]
			},
			"winBlink2": {
				"color": [
					{ "color": "ffffff00" }
				]
			},
			"winBlink3": {
				"color": [
					{ "color": "ffffff00" }
				]
			}
		},
		"bones": {
			"king": {
				"translate": [
					{ "y": 891.34 }
				]
			},
			"bishop1": {
				"translate": [
					{ "y": -596.1 }
				]
			},
			"bishop2": {
				"rotate": [
					{ "angle": 11.93 }
				],
				"translate": [
					{ "y": -596.1 }
				]
			},
			"knite": {
				"translate": [
					{ "x": 333.2, "y": 10.01 }
				]
			},
			"top": {
				"rotate": [
					{ "angle": -15.42 }
				],
				"scale": [
					{ "y": 1.076 }
				],
				"shear": [
					{ "x": -18.79, "y": 24.75 }
				]
			},
			"bot": {
				"rotate": [
					{ "angle": -36.2 }
				],
				"scale": [
					{ "x": 0.909, "y": 1.107 }
				],
				"shear": [
					{ "x": -8.54, "y": 12.79 }
				]
			},
			"bone6": {
				"rotate": [
					{ "angle": 27.02 }
				],
				"scale": [
					{ "x": 0.658, "y": 1.296 }
				],
				"shear": [
					{ "x": 12.52, "y": 2.23 }
				]
			},
			"bone5": {
				"rotate": [
					{ "angle": 44.74 }
				],
				"translate": [
					{ "x": 1.58, "y": 3.45 }
				],
				"scale": [
					{ "x": 0.414 }
				]
			},
			"bone4": {
				"rotate": [
					{ "angle": 18.15 }
				],
				"translate": [
					{ "x": 12.34, "y": 12.47 }
				],
				"scale": [
					{ "x": 1.037, "y": 1.114 }
				],
				"shear": [
					{ "y": -11.64 }
				]
			},
			"bone3": {
				"rotate": [
					{ "angle": 19.27 }
				]
			},
			"bone2": {
				"rotate": [
					{ "angle": 28.5 }
				],
				"shear": [
					{ "x": -11.02, "y": -8.59 }
				]
			},
			"bink": {
				"translate": [
					{ "x": 200.09 }
				],
				"scale": [
					{ "x": 0.183, "y": 0.183 }
				]
			},
			"bink3": {
				"translate": [
					{ "x": -48.37, "y": 54.83 }
				],
				"scale": [
					{ "x": 0.183, "y": 0.183 }
				]
			},
			"bink2": {
				"translate": [
					{ "x": -341.36, "y": 42.92 }
				],
				"scale": [
					{ "x": 0.183, "y": 0.183 }
				]
			},
			"shineLine5": {
				"rotate": [
					{ "angle": 6.69 }
				],
				"translate": [
					{ "x": 41.41, "y": -31 }
				],
				"scale": [
					{ "x": 0.16, "y": 0.805 }
				]
			},
			"shineCurved": {
				"rotate": [
					{ "angle": 6.23 }
				],
				"translate": [
					{ "x": -14.68, "y": 6.99 }
				],
				"scale": [
					{ "x": 0.809, "y": 0.809 }
				]
			},
			"shineCurved1": {
				"rotate": [
					{ "angle": -13.39 }
				],
				"translate": [
					{ "x": -85.59, "y": 38.09 }
				],
				"scale": [
					{ "x": 0.879, "y": -0.949 }
				]
			},
			"shineCurved2": {
				"rotate": [
					{ "angle": 25.74 }
				],
				"translate": [
					{ "x": -41.81, "y": 6.82 }
				]
			},
			"shineCurved3": {
				"rotate": [
					{ "angle": -5.73 }
				],
				"translate": [
					{ "x": -44.11, "y": 19.6 }
				],
				"scale": [
					{ "x": 0.826 }
				]
			},
			"shineCurved5": {
				"rotate": [
					{ "angle": 44.02 }
				],
				"translate": [
					{ "x": 19.97, "y": 18.54 }
				],
				"scale": [
					{ "x": 0.726, "y": -1.229 }
				]
			},
			"shineCurved6": {
				"rotate": [
					{ "angle": 44.02 }
				],
				"translate": [
					{ "x": -74.08, "y": -12.81 }
				],
				"scale": [
					{ "x": 0.726, "y": 1.229 }
				]
			},
			"shineCurved7": {
				"scale": [
					{ "x": 0.789, "y": 0.779 }
				],
				"shear": [
					{ "x": -23.27, "y": 6.83 }
				]
			},
			"shineLine": {
				"rotate": [
					{ "angle": -9.7 }
				],
				"translate": [
					{ "x": -308, "y": 9.6 }
				],
				"scale": [
					{ "x": 0.16 }
				]
			},
			"shineLine2": {
				"rotate": [
					{ "angle": -15.7 }
				],
				"translate": [
					{ "x": -40.7, "y": -24.55 }
				],
				"scale": [
					{ "x": 0.16, "y": 0.805 }
				]
			},
			"shineLine3": {
				"rotate": [
					{ "angle": -15.7 }
				],
				"translate": [
					{ "x": -40.7, "y": -24.55 }
				],
				"scale": [
					{ "x": 0.16, "y": 0.805 }
				]
			},
			"shineLine4": {
				"rotate": [
					{ "angle": 6.69 }
				],
				"translate": [
					{ "x": 47.04, "y": -31 }
				],
				"scale": [
					{ "x": 0.16, "y": 0.805 }
				]
			},
			"bot17": {
				"rotate": [
					{ "angle": -32.22 }
				]
			},
			"bot16": {
				"rotate": [
					{ "angle": 54.15 }
				]
			},
			"bot15": {
				"rotate": [
					{ "angle": 2.32 }
				]
			},
			"bot14": {
				"rotate": [
					{ "angle": 2.63 }
				]
			},
			"bot13": {
				"rotate": [
					{ "angle": -3.81 }
				]
			},
			"pike": {
				"translate": [
					{ "x": 572.88, "y": -497.99 }
				]
			},
			"pike3": {
				"translate": [
					{ "x": -684.96, "y": -616.74 }
				]
			},
			"bone12": {
				"rotate": [
					{ "angle": 28.5 }
				],
				"shear": [
					{ "x": -11.02, "y": -8.59 }
				]
			},
			"bone13": {
				"rotate": [
					{ "angle": 19.27 }
				]
			},
			"bone14": {
				"rotate": [
					{ "angle": 44.74 }
				],
				"translate": [
					{ "x": 1.58, "y": 3.45 }
				],
				"scale": [
					{ "x": 0.414 }
				]
			},
			"bone15": {
				"rotate": [
					{ "angle": 44.74 }
				],
				"translate": [
					{ "x": 1.58, "y": 3.45 }
				],
				"scale": [
					{ "x": 0.414 }
				]
			},
			"bone16": {
				"rotate": [
					{ "angle": 27.02 }
				],
				"scale": [
					{ "x": 0.658, "y": 1.296 }
				],
				"shear": [
					{ "x": 12.52, "y": 2.23 }
				]
			},
			"bot12": {
				"rotate": [
					{ "angle": -36.2 }
				],
				"scale": [
					{ "x": 0.909, "y": 1.107 }
				],
				"shear": [
					{ "x": -8.54, "y": 12.79 }
				]
			},
			"top6": {
				"rotate": [
					{ "angle": -15.42 }
				],
				"scale": [
					{ "y": 1.076 }
				],
				"shear": [
					{ "x": -18.79, "y": 24.75 }
				]
			}
		}
	},
	"show": {
		"slots": {
			"sceneSlotSpecialKing": {
				"color": [
					{ "color": "ffffff00", "curve": "stepped" },
					{ "time": 0.0833, "color": "ffffff00" },
					{ "time": 0.4167, "color": "ffffffff" }
				]
			},
			"sceneSpecialFlagAn": {
				"color": [
					{ "color": "ffffff00", "curve": "stepped" },
					{ "time": 0.3333, "color": "ffffff00" },
					{ "time": 0.6667, "color": "ffffffff" }
				]
			},
			"sceneSpecialFlagAn3": {
				"color": [
					{ "color": "ffffff00", "curve": "stepped" },
					{ "time": 0.3333, "color": "ffffff00" },
					{ "time": 0.6667, "color": "ffffffff" }
				]
			},
			"sceneSpecialFlagPike2": {
				"color": [
					{ "color": "ffffff00", "curve": "stepped" },
					{ "time": 0.3333, "color": "ffffff00" },
					{ "time": 0.6667, "color": "ffffffff" }
				]
			},
			"sceneSpecialFlagPike4": {
				"color": [
					{ "color": "ffffff00", "curve": "stepped" },
					{ "time": 0.3333, "color": "ffffff00" },
					{ "time": 0.6667, "color": "ffffffff" }
				]
			},
			"shineCurvedYellow": {
				"color": [
					{ "color": "ffffff00", "curve": "stepped" },
					{ "time": 0.15, "color": "ffffff00" },
					{ "time": 0.3833, "color": "ffffffff" },
					{ "time": 0.7, "color": "ffffff00" }
				]
			},
			"shineCurvedYellow2": {
				"color": [
					{ "color": "ffffff00", "curve": "stepped" },
					{ "time": 0.5, "color": "ffffff00" },
					{ "time": 0.6333, "color": "ffffffff", "curve": "stepped" },
					{ "time": 1.0167, "color": "ffffffff" },
					{ "time": 1.15, "color": "ffffff00" }
				]
			},
			"shineCurvedYellow3": {
				"color": [
					{ "color": "ffffff00", "curve": "stepped" },
					{ "time": 0.15, "color": "ffffff00" },
					{ "time": 0.3833, "color": "ffffffff" },
					{ "time": 0.7, "color": "ffffff00" }
				]
			},
			"shineCurvedYellow4": {
				"color": [
					{ "color": "ffffff00" },
					{ "time": 0.3333, "color": "ffffffff" },
					{ "time": 0.6667, "color": "ffffff00" }
				]
			},
			"shineCurvedYellow5": {
				"color": [
					{ "color": "ffffff00", "curve": "stepped" },
					{ "time": 0.5, "color": "ffffff00" },
					{ "time": 1, "color": "ffffffff" },
					{ "time": 1.5, "color": "ffffff00" }
				]
			},
			"shineCurvedYellow6": {
				"color": [
					{ "color": "ffffff00", "curve": "stepped" },
					{ "time": 0.6667, "color": "ffffff00" },
					{ "time": 1.0167, "color": "ffffffff" },
					{ "time": 1.4833, "color": "ffffff00" }
				]
			},
			"shineCurvedYellow7": {
				"color": [
					{ "color": "ffffff00", "curve": "stepped" },
					{ "time": 0.75, "color": "ffffff00" },
					{ "time": 1.1, "color": "ffffffff" },
					{ "time": 1.5667, "color": "ffffff00" }
				]
			},
			"shineCurvedYellow8": {
				"color": [
					{ "color": "ffffff00", "curve": "stepped" },
					{ "time": 0.5, "color": "ffffff00" },
					{ "time": 1, "color": "ffffffff" },
					{ "time": 1.5, "color": "ffffff00" }
				]
			},
			"shineYellow": {
				"color": [
					{ "color": "ffffff00", "curve": "stepped" },
					{ "time": 0.3167, "color": "ffffff00" },
					{ "time": 0.5833, "color": "ffffffff", "curve": "stepped" },
					{ "time": 1.0667, "color": "ffffffff" },
					{ "time": 1.3333, "color": "ffffff00" }
				]
			},
			"shineYellow2": {
				"color": [
					{ "color": "ffffff00", "curve": "stepped" },
					{ "time": 0.3333, "color": "ffffff00" },
					{ "time": 0.9167, "color": "ffffffff" },
					{ "time": 1.5, "color": "ffffff00" }
				]
			},
			"shineYellow3": {
				"color": [
					{ "color": "ffffff00", "curve": "stepped" },
					{ "time": 0.3333, "color": "ffffff00" },
					{ "time": 0.9167, "color": "ffffffff" },
					{ "time": 1.5, "color": "ffffff00" }
				]
			},
			"shineYellow5": {
				"color": [
					{ "color": "ffffff00", "curve": "stepped" },
					{ "time": 1, "color": "ffffff00" },
					{ "time": 1.3333, "color": "ffffffff" },
					{ "time": 1.6667, "color": "ffffff00" }
				]
			},
			"shineYellow6": {
				"color": [
					{ "color": "ffffff00", "curve": "stepped" },
					{ "time": 1, "color": "ffffff00" },
					{ "time": 1.3333, "color": "ffffffff" },
					{ "time": 1.6667, "color": "ffffff00" }
				]
			},
			"winBlink": {
				"color": [
					{ "color": "ffffff00", "curve": "stepped" },
					{ "time": 0.6667, "color": "ffffff00" },
					{ "time": 1, "color": "ffffffff" },
					{ "time": 1.3333, "color": "ffffff00" }
				]
			},
			"winBlink2": {
				"color": [
					{ "color": "ffffff00" },
					{ "time": 0.3333, "color": "ffffffff" },
					{ "time": 0.6667, "color": "ffffff00" }
				]
			},
			"winBlink3": {
				"color": [
					{ "color": "ffffff00", "curve": "stepped" },
					{ "time": 0.5, "color": "ffffff00" },
					{ "time": 0.8333, "color": "ffffffff" },
					{ "time": 1.1667, "color": "ffffff00" }
				]
			}
		},
		"bones": {
			"top": {
				"rotate": [
					{ "angle": -15.42, "curve": "stepped" },
					{ "time": 0.1667, "angle": -15.42, "curve": 0.326, "c2": 0.31, "c3": 0.662, "c4": 0.65 },
					{ "time": 1.5, "angle": -19.39, "curve": 0.333, "c2": 0.33, "c3": 0.667, "c4": 0.67 },
					{ "time": 3.35, "angle": -15.42 }
				],
				"scale": [
					{ "y": 1.076 }
				],
				"shear": [
					{ "x": -18.79, "y": 24.75 }
				]
			},
			"bot": {
				"rotate": [
					{ "angle": -36.2, "curve": "stepped" },
					{ "time": 0.5833, "angle": -36.2, "curve": 0.25, "c3": 0.75 },
					{ "time": 1.5, "angle": -37.14, "curve": 0.25, "c3": 0.75 },
					{ "time": 3.35, "angle": -39.01 }
				],
				"scale": [
					{ "x": 0.909, "y": 1.107 }
				],
				"shear": [
					{ "x": -8.54, "y": 12.79 }
				]
			},
			"bone6": {
				"rotate": [
					{ "angle": 27.02, "curve": "stepped" },
					{ "time": 0.5833, "angle": 27.02, "curve": 0.381, "c2": 0.55, "c3": 0.742 },
					{ "time": 1.5, "angle": 20.14, "curve": 0.381, "c2": 0.55, "c3": 0.742 },
					{ "time": 3.35 }
				],
				"scale": [
					{ "x": 0.658, "y": 1.296, "curve": "stepped" },
					{
						"time": 0.5833,
						"x": 0.658,
						"y": 1.296,
						"curve": 0.344,
						"c2": 0.37,
						"c3": 0.678,
						"c4": 0.71
					},
					{ "time": 1.5, "x": 0.966, "y": 1.296 }
				],
				"shear": [
					{ "x": 12.52, "y": 2.23 }
				]
			},
			"bone5": {
				"rotate": [
					{ "angle": 44.74, "curve": "stepped" },
					{ "time": 0.5833, "angle": 44.74, "curve": 0.347, "c2": 0.38, "c3": 0.683, "c4": 0.73 },
					{ "time": 1.5, "angle": 13.01 }
				],
				"translate": [
					{ "x": 1.58, "y": 3.45 }
				],
				"scale": [
					{ "x": 0.414, "curve": "stepped" },
					{ "time": 0.5833, "x": 0.414 },
					{ "time": 1.5 }
				]
			},
			"bone4": {
				"rotate": [
					{ "angle": 18.15, "curve": "stepped" },
					{ "time": 0.5833, "angle": 18.15, "curve": 0.276, "c3": 0.621, "c4": 0.4 },
					{ "time": 1.5, "angle": -10.83 }
				],
				"translate": [
					{ "x": 12.34, "y": 12.47 }
				],
				"scale": [
					{ "x": 1.037, "y": 1.114 }
				],
				"shear": [
					{ "y": -11.64 }
				]
			},
			"bone3": {
				"rotate": [
					{ "angle": 19.27, "curve": "stepped" },
					{ "time": 0.5833, "angle": 19.27, "curve": 0.276, "c3": 0.621, "c4": 0.4 },
					{ "time": 1.5, "angle": -12.74, "curve": 0.276, "c3": 0.621, "c4": 0.4 },
					{ "time": 3.35, "angle": -9.31 }
				]
			},
			"bone2": {
				"rotate": [
					{ "angle": 28.5, "curve": "stepped" },
					{ "time": 0.5833, "angle": 28.5, "curve": 0.276, "c3": 0.621, "c4": 0.4 },
					{ "time": 1.1667, "angle": 3.74, "curve": 0.292, "c3": 0.63, "c4": 0.37 },
					{ "time": 1.9667, "angle": -2.76, "curve": 0.319, "c2": 0.27, "c3": 0.653, "c4": 0.61 },
					{ "time": 3.35, "angle": 3.74 }
				],
				"shear": [
					{ "x": -11.02, "y": -8.59 }
				]
			},
			"bink": {
				"rotate": [
					{ "time": 0.6667 },
					{ "time": 1.3333, "angle": -23.33 }
				],
				"translate": [
					{ "x": 200.09 }
				],
				"scale": [
					{ "x": 0.183, "y": 0.183, "curve": "stepped" },
					{ "time": 0.6667, "x": 0.183, "y": 0.183 },
					{ "time": 1.3333, "x": 1.995, "y": 1.995 }
				]
			},
			"bink3": {
				"rotate": [
					{ "time": 0.5 },
					{ "time": 1.1667, "angle": -23.33 }
				],
				"translate": [
					{ "x": -48.37, "y": 54.83 }
				],
				"scale": [
					{ "x": 0.183, "y": 0.183, "curve": "stepped" },
					{ "time": 0.5, "x": 0.183, "y": 0.183 },
					{ "time": 1.1667, "x": 1.995, "y": 1.995 }
				]
			},
			"bink2": {
				"rotate": [
					{},
					{ "time": 0.6667, "angle": -23.33 }
				],
				"translate": [
					{ "x": -341.36, "y": 42.92 }
				],
				"scale": [
					{ "x": 0.183, "y": 0.183 },
					{ "time": 0.6667, "x": 1.995, "y": 1.995 }
				]
			},
			"shineLine5": {
				"rotate": [
					{ "angle": 6.69, "curve": "stepped" },
					{ "time": 1, "angle": 6.69 },
					{ "time": 1.3333, "angle": 2.71 },
					{ "time": 1.6667, "angle": -5.36 }
				],
				"translate": [
					{ "x": 41.41, "y": -31, "curve": "stepped" },
					{ "time": 1, "x": 41.41, "y": -31 },
					{ "time": 1.3333, "x": 6.07, "y": -1.91 },
					{ "time": 1.6667, "x": -44.56, "y": 44.16 }
				],
				"scale": [
					{ "x": 0.16, "y": 0.805, "curve": "stepped" },
					{ "time": 1, "x": 0.16, "y": 0.805 },
					{ "time": 1.3333, "x": 0.657, "y": 0.574 },
					{ "time": 1.6667, "x": 0.16, "y": 0.827 }
				]
			},
			"shineCurved": {
				"rotate": [
					{ "angle": 6.23, "curve": "stepped" },
					{ "time": 0.15, "angle": 6.23 },
					{ "time": 0.7, "angle": -9.61 }
				],
				"translate": [
					{ "x": -14.68, "y": 6.99, "curve": "stepped" },
					{ "time": 0.15, "x": -14.68, "y": 6.99 },
					{ "time": 0.4833, "x": 30.06, "y": -5.59 },
					{ "time": 0.7, "x": 51.73, "y": -13.98 }
				],
				"scale": [
					{ "x": 0.809, "y": 0.809, "curve": "stepped" },
					{ "time": 0.15, "x": 0.809, "y": 0.809 },
					{ "time": 0.4833, "x": 0.694, "y": 1.242 },
					{ "time": 0.7, "x": 0.489, "y": 0.501 }
				]
			},
			"shineCurved1": {
				"rotate": [
					{ "angle": -13.39, "curve": "stepped" },
					{ "time": 0.15, "angle": -13.39 },
					{ "time": 0.7, "angle": -1.82 }
				],
				"translate": [
					{ "x": -85.59, "y": 38.09, "curve": "stepped" },
					{ "time": 0.15, "x": -85.59, "y": 38.09 },
					{ "time": 0.7, "x": -35.99, "y": 13.79 }
				],
				"scale": [
					{ "x": 0.879, "y": -0.949, "curve": "stepped" },
					{ "time": 0.15, "x": 0.879, "y": -0.949 },
					{ "time": 0.7, "x": 0.655, "y": -0.763 }
				]
			},
			"shineCurved2": {
				"rotate": [
					{ "angle": 25.74, "curve": "stepped" },
					{ "time": 0.5, "angle": 25.74 },
					{ "time": 1.15, "angle": -13.06 }
				],
				"translate": [
					{ "x": -41.81, "y": 6.82, "curve": "stepped" },
					{ "time": 0.5, "x": -41.81, "y": 6.82 },
					{ "time": 0.8333, "x": 1.49, "y": -0.97 },
					{ "time": 1.15, "x": 10.58, "y": -0.97 }
				]
			},
			"shineCurved3": {
				"rotate": [
					{ "angle": -5.73 },
					{ "time": 0.6667, "angle": 0.18 }
				],
				"translate": [
					{ "x": -44.11, "y": 19.6 },
					{ "time": 0.6667, "x": 9.43, "y": -0.75 }
				],
				"scale": [
					{ "x": 0.826 },
					{ "time": 0.3333 },
					{ "time": 0.6667, "x": 0.826 }
				]
			},
			"shineCurved4": {
				"rotate": [
					{ "time": 0.5 },
					{ "time": 1.5, "angle": -14.89 }
				],
				"translate": [
					{ "time": 0.5 },
					{ "time": 1, "x": 6.15, "y": -4.31 },
					{ "time": 1.5, "x": 28.16, "y": -2.8 }
				]
			},
			"shineCurved5": {
				"rotate": [
					{ "angle": 44.02 },
					{ "time": 0.6667, "angle": 32.68 },
					{ "time": 1.0167, "angle": 39.57 },
					{ "time": 1.4833, "angle": 48.83 }
				],
				"translate": [
					{ "x": 19.97, "y": 18.54, "curve": "stepped" },
					{ "time": 0.6667, "x": 19.97, "y": 18.54 },
					{ "time": 1.4833, "x": 61.45, "y": 32.86 }
				],
				"scale": [
					{ "x": 0.726, "y": -1.229, "curve": "stepped" },
					{ "time": 0.6667, "x": 0.726, "y": -1.229 },
					{ "time": 1.4833, "x": 1.121, "y": -1.625 }
				]
			},
			"shineCurved6": {
				"rotate": [
					{ "angle": 44.02, "curve": "stepped" },
					{ "time": 0.75, "angle": 44.02 },
					{ "time": 1.5667, "angle": 30.33 }
				],
				"translate": [
					{ "x": -74.08, "y": -12.81, "curve": "stepped" },
					{ "time": 0.75, "x": -74.08, "y": -12.81 },
					{ "time": 1.5667, "x": -22.7, "y": 1.51 }
				],
				"scale": [
					{ "x": 0.726, "y": 1.229, "curve": "stepped" },
					{ "time": 0.75, "x": 0.726, "y": 1.229 },
					{ "time": 1.5667, "x": 1.201, "y": 1.625 }
				]
			},
			"shineCurved7": {
				"scale": [
					{ "x": 0.789, "y": 0.779, "curve": "stepped" },
					{ "time": 0.5, "x": 0.789, "y": 0.779 },
					{ "time": 1, "y": 0.908 },
					{ "time": 1.5 }
				],
				"shear": [
					{ "x": -23.27, "y": 6.83, "curve": "stepped" },
					{ "time": 0.5, "x": -23.27, "y": 6.83 },
					{ "time": 1, "x": -0.16, "y": 8.83 },
					{ "time": 1.5, "x": 6.55, "y": 32.68 }
				]
			},
			"shineLine": {
				"rotate": [
					{ "angle": -9.7, "curve": "stepped" },
					{ "time": 0.3167, "angle": -9.7 },
					{ "time": 0.5833, "angle": -3.41 },
					{ "time": 0.8167 },
					{ "time": 1.0667, "angle": 3.23 },
					{ "time": 1.3333, "angle": 12.8 }
				],
				"translate": [
					{ "x": -308, "y": 9.6, "curve": "stepped" },
					{ "time": 0.3167, "x": -308, "y": 9.6 },
					{ "time": 0.5833, "x": -184.8, "y": 2.88 },
					{ "time": 0.8167 },
					{ "time": 1.0667, "x": 147.44, "y": 2.88 },
					{ "time": 1.3333, "x": 279.42, "y": 12.16 }
				],
				"scale": [
					{ "x": 0.16, "curve": "stepped" },
					{ "time": 0.3167, "x": 0.16 },
					{ "time": 0.8167 },
					{ "time": 1.3333, "x": 0.16 }
				]
			},
			"shineLine2": {
				"rotate": [
					{ "angle": -15.7, "curve": "stepped" },
					{ "time": 0.3333, "angle": -15.7 },
					{ "time": 0.6667, "angle": -3.41 },
					{ "time": 0.9167, "angle": -1.2 },
					{ "time": 1.2, "angle": 3.23 },
					{ "time": 1.5, "angle": 0.8 }
				],
				"translate": [
					{ "x": -40.7, "y": -24.55, "curve": "stepped" },
					{ "time": 0.3333, "x": -40.7, "y": -24.55 },
					{ "time": 0.6667, "x": -27.08, "y": -12.48 },
					{ "time": 0.9167, "x": -4.18, "y": 5.92 },
					{ "time": 1.5, "x": 35.41, "y": 41.58 }
				],
				"scale": [
					{ "x": 0.16, "y": 0.805, "curve": "stepped" },
					{ "time": 0.3333, "x": 0.16, "y": 0.805 },
					{ "time": 0.9167, "x": 0.657, "y": 0.574 },
					{ "time": 1.5, "x": 0.16, "y": 0.827 }
				]
			},
			"shineLine3": {
				"rotate": [
					{ "angle": -15.7, "curve": "stepped" },
					{ "time": 0.3333, "angle": -15.7 },
					{ "time": 0.6667, "angle": -3.41 },
					{ "time": 0.9167, "angle": -1.2 },
					{ "time": 1.2, "angle": 3.23 },
					{ "time": 1.5, "angle": 0.8 }
				],
				"translate": [
					{ "x": -40.7, "y": -24.55 },
					{ "time": 0.3333, "x": -35.74, "y": -35.14 },
					{ "time": 0.6667, "x": -19.16, "y": -22.84 },
					{ "time": 0.9167, "x": 2.85, "y": -2.57 },
					{ "time": 1.5, "x": 41.71, "y": 34.49 }
				],
				"scale": [
					{ "x": 0.16, "y": 0.805, "curve": "stepped" },
					{ "time": 0.3333, "x": 0.16, "y": 0.805 },
					{ "time": 0.9167, "x": 0.657, "y": 0.574 },
					{ "time": 1.5, "x": 0.16, "y": 0.827 }
				]
			},
			"shineLine4": {
				"rotate": [
					{ "angle": 6.69, "curve": "stepped" },
					{ "time": 1, "angle": 6.69 },
					{ "time": 1.3333, "angle": 2.71 },
					{ "time": 1.6667, "angle": -5.36 }
				],
				"translate": [
					{ "x": 47.04, "y": -31, "curve": "stepped" },
					{ "time": 1, "x": 47.04, "y": -31 },
					{ "time": 1.3333, "x": -0.12, "y": 8.79 },
					{ "time": 1.6667, "x": -40.62, "y": 48.1 }
				],
				"scale": [
					{ "x": 0.16, "y": 0.805, "curve": "stepped" },
					{ "time": 1, "x": 0.16, "y": 0.805 },
					{ "time": 1.3333, "x": 0.657, "y": 0.574 },
					{ "time": 1.6667, "x": 0.16, "y": 0.827 }
				]
			},
			"bot17": {
				"rotate": [
					{ "angle": -32.22, "curve": "stepped" },
					{ "time": 0.1667, "angle": -32.22, "curve": 0.314, "c2": 0.27, "c3": 0.66, "c4": 0.64 },
					{ "time": 0.8167, "angle": -93.49, "curve": 0.348, "c2": 0.39, "c3": 0.684, "c4": 0.73 },
					{ "time": 1.15, "angle": -89.91, "curve": 0.334, "c2": 0.34, "c3": 0.668, "c4": 0.67 },
					{ "time": 1.1667, "angle": -89.75, "curve": 0.35, "c2": 0.42, "c3": 0.684, "c4": 0.76 },
					{ "time": 1.3833, "angle": -87.98, "curve": 0.359, "c2": 0.64, "c3": 0.694 },
					{ "time": 3.35, "angle": -32.22 }
				]
			},
			"bot16": {
				"rotate": [
					{ "angle": 54.15, "curve": "stepped" },
					{ "time": 0.1667, "angle": 54.15, "curve": 0.32, "c2": 0.29, "c3": 0.662, "c4": 0.65 },
					{ "time": 0.8167, "angle": 125.76, "curve": 0.348, "c2": 0.39, "c3": 0.684, "c4": 0.73 },
					{ "time": 1.15, "angle": 106.59, "curve": 0.334, "c2": 0.34, "c3": 0.668, "c4": 0.67 },
					{ "time": 1.1667, "angle": 105.72, "curve": 0.35, "c2": 0.42, "c3": 0.684, "c4": 0.76 },
					{ "time": 1.3833, "angle": 96.27, "curve": 0.359, "c2": 0.64, "c3": 0.694 },
					{ "time": 3.35, "angle": 54.15 }
				]
			},
			"bot15": {
				"rotate": [
					{ "angle": 2.32, "curve": "stepped" },
					{ "time": 0.1667, "angle": 2.32, "curve": 0.342, "c2": 0.66, "c3": 0.675 },
					{ "time": 0.8167, "angle": -29.11, "curve": 0.351, "c2": 0.4, "c3": 0.687, "c4": 0.75 },
					{ "time": 1.15, "angle": 7.41, "curve": 0.334, "c2": 0.34, "c3": 0.668, "c4": 0.67 },
					{ "time": 1.1667, "angle": 8.81, "curve": 0.344, "c2": 0.4, "c3": 0.678, "c4": 0.74 },
					{ "time": 1.3167, "angle": 19.58, "curve": 0.34, "c2": 0.39, "c3": 0.674, "c4": 0.73 },
					{ "time": 1.4667, "angle": 9.46, "curve": 0.342, "c2": 0.45, "c3": 0.675, "c4": 0.78 },
					{ "time": 3.35, "angle": 2.32 }
				]
			},
			"bot14": {
				"rotate": [
					{ "angle": 2.63, "curve": "stepped" },
					{ "time": 0.1667, "angle": 2.63, "curve": 0.318, "c2": 0.29, "c3": 0.664, "c4": 0.66 },
					{ "time": 0.8167, "angle": 6.93, "curve": 0.351, "c2": 0.4, "c3": 0.687, "c4": 0.75 },
					{ "time": 1.15, "angle": -4.55, "curve": 0.335, "c2": 0.34, "c3": 0.668, "c4": 0.68 },
					{ "time": 1.1667, "angle": -5.21, "curve": 0.351, "c2": 0.45, "c3": 0.685, "c4": 0.79 },
					{ "time": 1.3167, "angle": -9.76, "curve": 0.35, "c2": 0.65, "c3": 0.684 },
					{ "time": 3.35, "angle": 2.63 }
				]
			},
			"bot13": {
				"rotate": [
					{ "angle": -3.81, "curve": "stepped" },
					{ "time": 0.1667, "angle": -3.81, "curve": 0.339, "c2": 0.41, "c3": 0.673, "c4": 0.75 },
					{ "time": 0.8167, "angle": -4.67, "curve": 0.343, "c2": 0.66, "c3": 0.677 },
					{ "time": 1.15, "angle": -10.71, "curve": 0.334, "c2": 0.34, "c3": 0.667, "c4": 0.67 },
					{ "time": 1.1667, "angle": -10.85, "curve": 0.341, "c2": 0.38, "c3": 0.675, "c4": 0.71 },
					{ "time": 1.3167, "angle": -11.98, "curve": 0.345, "c2": 0.42, "c3": 0.678, "c4": 0.76 },
					{ "time": 3.35, "angle": -3.81 }
				]
			},
			"pike": {
				"translate": [
					{ "x": 572.88, "y": -497.99, "curve": "stepped" },
					{ "time": 0.1667, "x": 572.88, "y": -497.99 },
					{ "time": 1.1667 }
				]
			},
			"pike3": {
				"translate": [
					{ "x": -684.96, "y": -616.74, "curve": "stepped" },
					{ "time": 0.1667, "x": -684.96, "y": -616.74 },
					{ "time": 1.1667 }
				]
			},
			"bone12": {
				"rotate": [
					{ "angle": 28.5, "curve": "stepped" },
					{ "time": 0.5833, "angle": 28.5, "curve": 0.276, "c3": 0.621, "c4": 0.4 },
					{ "time": 1.1667, "angle": 3.74, "curve": 0.292, "c3": 0.63, "c4": 0.37 },
					{ "time": 2.0667, "angle": -2.76, "curve": 0.319, "c2": 0.27, "c3": 0.653, "c4": 0.61 },
					{ "time": 3.35, "angle": 3.05 }
				],
				"shear": [
					{ "x": -11.02, "y": -8.59, "curve": "stepped" },
					{
						"time": 1.1667,
						"x": -11.02,
						"y": -8.59,
						"curve": 0.325,
						"c2": 0.31,
						"c3": 0.663,
						"c4": 0.65
					},
					{ "time": 3.35, "x": -7.71, "y": -6.02 }
				]
			},
			"bone13": {
				"rotate": [
					{ "angle": 19.27, "curve": "stepped" },
					{ "time": 0.5833, "angle": 19.27, "curve": 0.292, "c3": 0.63, "c4": 0.37 },
					{ "time": 1.1667, "angle": 3.93, "curve": 0.319, "c2": 0.28, "c3": 0.654, "c4": 0.61 },
					{ "time": 1.6333, "angle": -12.74, "curve": 0.276, "c3": 0.621, "c4": 0.4 },
					{ "time": 3.35, "angle": -7.59 }
				]
			},
			"bone14": {
				"rotate": [
					{ "angle": 44.74, "curve": "stepped" },
					{ "time": 0.5833, "angle": 44.74, "curve": 0.341, "c2": 0.36, "c3": 0.676, "c4": 0.7 },
					{ "time": 1.1667, "angle": 23.67, "curve": 0.34, "c2": 0.36, "c3": 0.673, "c4": 0.69 },
					{ "time": 1.6333, "angle": 13.01, "curve": 0.347, "c2": 0.38, "c3": 0.683, "c4": 0.73 },
					{ "time": 3.35, "angle": -8.85 }
				],
				"translate": [
					{ "x": 1.58, "y": 3.45, "curve": "stepped" },
					{
						"time": 1.6333,
						"x": 1.58,
						"y": 3.45,
						"curve": 0.324,
						"c2": 0.3,
						"c3": 0.667,
						"c4": 0.67
					},
					{ "time": 3.35, "x": 10.08, "y": 10.19 }
				],
				"scale": [
					{ "x": 0.414, "curve": "stepped" },
					{ "time": 0.5833, "x": 0.414 },
					{ "time": 1.6333 },
					{ "time": 3.35, "x": 1.026, "y": 1.079 }
				],
				"shear": [
					{ "time": 1.6333 },
					{ "time": 3.35, "y": -2.97 }
				]
			},
			"bone15": {
				"rotate": [
					{ "angle": 44.74, "curve": "stepped" },
					{ "time": 0.5833, "angle": 44.74, "curve": 0.341, "c2": 0.36, "c3": 0.676, "c4": 0.7 },
					{ "time": 1.1667, "angle": 23.67, "curve": 0.34, "c2": 0.36, "c3": 0.673, "c4": 0.69 },
					{ "time": 1.6333, "angle": 13.01, "curve": 0.347, "c2": 0.38, "c3": 0.683, "c4": 0.73 },
					{ "time": 3.35, "angle": 4.65 }
				],
				"translate": [
					{ "x": 1.58, "y": 3.45, "curve": "stepped" },
					{
						"time": 1.6333,
						"x": 1.58,
						"y": 3.45,
						"curve": 0.324,
						"c2": 0.3,
						"c3": 0.667,
						"c4": 0.67
					},
					{ "time": 3.35, "x": 0.86, "y": 1.88 }
				],
				"scale": [
					{ "x": 0.414, "curve": "stepped" },
					{ "time": 0.5833, "x": 0.414 },
					{ "time": 1.6333 }
				]
			},
			"bone16": {
				"rotate": [
					{ "angle": 27.02, "curve": "stepped" },
					{ "time": 0.5833, "angle": 27.02, "curve": 0.356, "c2": 0.41, "c3": 0.7, "c4": 0.79 },
					{ "time": 1.1667, "angle": 21.55, "curve": 0.368, "c2": 0.63, "c3": 0.705 },
					{ "time": 1.6333, "angle": 20.14, "curve": 0.381, "c2": 0.55, "c3": 0.742 },
					{ "time": 3.35, "angle": 6.18 }
				],
				"scale": [
					{ "x": 0.658, "y": 1.296, "curve": "stepped" },
					{
						"time": 0.5833,
						"x": 0.658,
						"y": 1.296,
						"curve": 0.344,
						"c2": 0.37,
						"c3": 0.678,
						"c4": 0.71
					},
					{
						"time": 1.6333,
						"x": 0.966,
						"y": 1.296,
						"curve": 0.344,
						"c2": 0.37,
						"c3": 0.678,
						"c4": 0.71
					},
					{ "time": 3.35, "x": 0.988, "y": 1.116 }
				],
				"shear": [
					{ "x": 12.52, "y": 2.23, "curve": "stepped" },
					{ "time": 1.6333, "x": 12.52, "y": 2.23, "curve": 0.246, "c3": 0.634, "c4": 0.54 },
					{ "time": 3.35, "x": 5.02, "y": 0.89 }
				]
			},
			"bot12": {
				"rotate": [
					{ "angle": -36.2, "curve": "stepped" },
					{ "time": 0.5833, "angle": -36.2, "curve": 0.244, "c3": 0.643, "c4": 0.58 },
					{ "time": 1.1667, "angle": -36.84, "curve": 0.382, "c2": 0.56, "c3": 0.739 },
					{ "time": 1.6333, "angle": -37.14, "curve": 0.25, "c3": 0.75 },
					{ "time": 3.35, "angle": -27.19 }
				],
				"scale": [
					{ "x": 0.909, "y": 1.107, "curve": "stepped" },
					{
						"time": 1.6333,
						"x": 0.909,
						"y": 1.107,
						"curve": 0.313,
						"c2": 0.24,
						"c3": 0.648,
						"c4": 0.58
					},
					{ "time": 3.35, "x": 0.948, "y": 1.061 }
				],
				"shear": [
					{ "x": -8.54, "y": 12.79, "curve": "stepped" },
					{ "time": 1.6333, "x": -8.54, "y": 12.79, "curve": 0.351, "c2": 0.4, "c3": 0.757 },
					{ "time": 3.35 }
				]
			},
			"top6": {
				"rotate": [
					{ "angle": -15.42, "curve": "stepped" },
					{ "time": 0.1667, "angle": -15.42, "curve": 0.327, "c2": 0.31, "c3": 0.662, "c4": 0.65 },
					{ "time": 1.6333, "angle": -19.39, "curve": 0.333, "c2": 0.33, "c3": 0.667, "c4": 0.67 },
					{ "time": 3.35, "angle": -3.04 }
				],
				"scale": [
					{ "y": 1.076, "curve": "stepped" },
					{ "time": 0.1667, "y": 1.076, "curve": 0.349, "c2": 0.43, "c3": 0.683, "c4": 0.77 },
					{ "time": 3.35, "y": 1.019 }
				],
				"shear": [
					{ "x": -18.79, "y": 24.75, "curve": "stepped" },
					{
						"time": 0.1667,
						"x": -18.79,
						"y": 24.75,
						"curve": 0.351,
						"c2": 0.4,
						"c3": 0.689,
						"c4": 0.75
					},
					{ "time": 3.35, "x": -6.03, "y": 16.3 }
				]
			},
			"top7": {
				"rotate": [
					{ "time": 1.1667 },
					{ "time": 3.35, "angle": 23.2 }
				]
			},
			"top8": {
				"rotate": [
					{ "time": 1.1667 },
					{ "time": 3.35, "angle": -29.21 }
				]
			},
			"king": {
				"translate": [
					{ "y": 891.34, "curve": "stepped" },
					{ "time": 0.0833, "y": 891.34 },
					{ "time": 0.4167, "y": -27.03 },
					{ "time": 1.25 }
				]
			},
			"bishop1": {
				"rotate": [
					{ "time": 0.6667 },
					{ "time": 1.1667, "angle": 16.36 },
					{ "time": 1.8333 }
				],
				"translate": [
					{ "y": -596.1, "curve": "stepped" },
					{ "time": 0.6667, "y": -596.1 },
					{ "time": 1.1667, "x": 24.33, "y": 80.64 },
					{ "time": 1.8333 }
				]
			},
			"bishop2": {
				"rotate": [
					{ "angle": 11.93, "curve": "stepped" },
					{ "time": 0.5833, "angle": 11.93 },
					{ "time": 0.8, "angle": 16.36 },
					{ "time": 1.8333 }
				],
				"translate": [
					{ "y": -596.1, "curve": "stepped" },
					{ "time": 0.5833, "y": -596.1 },
					{ "time": 1.0833, "x": 6.49, "y": 77.35 },
					{ "time": 1.8333 }
				]
			},
			"knite": {
				"translate": [
					{ "x": 333.2, "y": 10.01, "curve": 0.25, "c3": 0.75 },
					{ "time": 3.35 }
				]
			},
			"knite2": {
				"translate": [
					{ "curve": 0, "c2": 0.25, "c4": 0.75 },
					{ "time": 3.1667, "x": 333.2, "y": 10.01 }
				]
			}
		}
	}
}
}