{
  "frames": {
    "thunderSplashPadLight10": {
      "frame": {
        "x": 0,
        "y": 0,
        "w": 1942,
        "h": 27
      },
      "rotated": false,
      "trimmed": true,
      "spriteSourceSize": {
        "x": -2,
        "y": -2,
        "w": 1942,
        "h": 27
      },
      "sourceSize": {
        "w": 1938,
        "h": 23
      }
    },
    "thunderSplashPadLight1": {
      "frame": {
        "x": 1942,
        "y": 0,
        "w": 1812,
        "h": 27
      },
      "rotated": true,
      "trimmed": true,
      "spriteSourceSize": {
        "x": -2,
        "y": -2,
        "w": 1812,
        "h": 27
      },
      "sourceSize": {
        "w": 1808,
        "h": 23
      }
    },
    "thunderSplashPadLight11": {
      "frame": {
        "x": 1969,
        "y": 0,
        "w": 1714,
        "h": 25
      },
      "rotated": true,
      "trimmed": true,
      "spriteSourceSize": {
        "x": -2,
        "y": -2,
        "w": 1714,
        "h": 25
      },
      "sourceSize": {
        "w": 1710,
        "h": 21
      }
    },
    "bigLogoLightBack": {
      "frame": {
        "x": 0,
        "y": 27,
        "w": 1547,
        "h": 385
      },
      "rotated": false,
      "trimmed": true,
      "spriteSourceSize": {
        "x": -2,
        "y": -2,
        "w": 1547,
        "h": 385
      },
      "sourceSize": {
        "w": 1543,
        "h": 381
      }
    },
    "thunderSplashPadLight8": {
      "frame": {
        "x": 1994,
        "y": 0,
        "w": 1461,
        "h": 40
      },
      "rotated": true,
      "trimmed": true,
      "spriteSourceSize": {
        "x": 2,
        "y": -2,
        "w": 1461,
        "h": 40
      },
      "sourceSize": {
        "w": 1467,
        "h": 37
      }
    },
    "shiftSplashMotion1": {
      "frame": {
        "x": 0,
        "y": 412,
        "w": 1330,
        "h": 878
      },
      "rotated": true,
      "trimmed": true,
      "spriteSourceSize": {
        "x": -2,
        "y": -2,
        "w": 1330,
        "h": 878
      },
      "sourceSize": {
        "w": 1326,
        "h": 874
      }
    },
    "thunderSplashPadLight5": {
      "frame": {
        "x": 0,
        "y": 1812,
        "w": 1313,
        "h": 135
      },
      "rotated": false,
      "trimmed": true,
      "spriteSourceSize": {
        "x": -2,
        "y": -2,
        "w": 1313,
        "h": 135
      },
      "sourceSize": {
        "w": 1309,
        "h": 131
      }
    },
    "thunderSplashPadUpper": {
      "frame": {
        "x": 878,
        "y": 412,
        "w": 1275,
        "h": 644
      },
      "rotated": true,
      "trimmed": true,
      "spriteSourceSize": {
        "x": -2,
        "y": -2,
        "w": 1275,
        "h": 644
      },
      "sourceSize": {
        "w": 1271,
        "h": 640
      }
    },
    "thunderSplashPadLight6": {
      "frame": {
        "x": 0,
        "y": 1742,
        "w": 24,
        "h": 1154
      },
      "rotated": true,
      "trimmed": true,
      "spriteSourceSize": {
        "x": -2,
        "y": -2,
        "w": 24,
        "h": 1154
      },
      "sourceSize": {
        "w": 20,
        "h": 1150
      }
    },
    "thunderSplashPadLight9": {
      "frame": {
        "x": 878,
        "y": 1687,
        "w": 1062,
        "h": 17
      },
      "rotated": false,
      "trimmed": true,
      "spriteSourceSize": {
        "x": 12,
        "y": -2,
        "w": 1062,
        "h": 17
      },
      "sourceSize": {
        "w": 1088,
        "h": 15
      }
    },
    "paytableOverlayLeft": {
      "frame": {
        "x": 1547,
        "y": 27,
        "w": 124,
        "h": 970
      },
      "rotated": false,
      "trimmed": true,
      "spriteSourceSize": {
        "x": -2,
        "y": -2,
        "w": 124,
        "h": 970
      },
      "sourceSize": {
        "w": 120,
        "h": 966
      }
    },
    "paytableOverlayRight": {
      "frame": {
        "x": 1671,
        "y": 27,
        "w": 124,
        "h": 970
      },
      "rotated": false,
      "trimmed": true,
      "spriteSourceSize": {
        "x": -2,
        "y": -2,
        "w": 124,
        "h": 970
      },
      "sourceSize": {
        "w": 120,
        "h": 966
      }
    },
    "thunderSplashPadLight7": {
      "frame": {
        "x": 1522,
        "y": 412,
        "w": 19,
        "h": 967
      },
      "rotated": false,
      "trimmed": true,
      "spriteSourceSize": {
        "x": -2,
        "y": -2,
        "w": 19,
        "h": 967
      },
      "sourceSize": {
        "w": 15,
        "h": 963
      }
    },
    "thunderSplashPadLight2": {
      "frame": {
        "x": 878,
        "y": 1704,
        "w": 26,
        "h": 821
      },
      "rotated": true,
      "trimmed": true,
      "spriteSourceSize": {
        "x": -2,
        "y": -2,
        "w": 26,
        "h": 821
      },
      "sourceSize": {
        "w": 22,
        "h": 817
      }
    },
    "beamSplashCape1": {
      "frame": {
        "x": 1795,
        "y": 27,
        "w": 719,
        "h": 144
      },
      "rotated": true,
      "trimmed": true,
      "spriteSourceSize": {
        "x": -2,
        "y": -2,
        "w": 719,
        "h": 144
      },
      "sourceSize": {
        "w": 715,
        "h": 140
      }
    },
    "beamSplashLaser3": {
      "frame": {
        "x": 1313,
        "y": 1812,
        "w": 692,
        "h": 174
      },
      "rotated": false,
      "trimmed": true,
      "spriteSourceSize": {
        "x": -2,
        "y": -2,
        "w": 692,
        "h": 174
      },
      "sourceSize": {
        "w": 688,
        "h": 170
      }
    },
    "beamSplashCape2": {
      "frame": {
        "x": 1541,
        "y": 997,
        "w": 371,
        "h": 659
      },
      "rotated": false,
      "trimmed": true,
      "spriteSourceSize": {
        "x": -2,
        "y": -2,
        "w": 371,
        "h": 659
      },
      "sourceSize": {
        "w": 367,
        "h": 655
      }
    },
    "thunderLightArmRight2": {
      "frame": {
        "x": 0,
        "y": 1947,
        "w": 97,
        "h": 370
      },
      "rotated": true,
      "trimmed": true,
      "spriteSourceSize": {
        "x": -2,
        "y": -2,
        "w": 97,
        "h": 370
      },
      "sourceSize": {
        "w": 93,
        "h": 366
      }
    },
    "thunderSplashRay1": {
      "frame": {
        "x": 1522,
        "y": 1379,
        "w": 13,
        "h": 281
      },
      "rotated": false,
      "trimmed": true,
      "spriteSourceSize": {
        "x": -2,
        "y": -2,
        "w": 13,
        "h": 281
      },
      "sourceSize": {
        "w": 9,
        "h": 277
      }
    },
    "thunderLightBody2": {
      "frame": {
        "x": 1154,
        "y": 1730,
        "w": 69,
        "h": 225
      },
      "rotated": true,
      "trimmed": true,
      "spriteSourceSize": {
        "x": -2,
        "y": -2,
        "w": 69,
        "h": 225
      },
      "sourceSize": {
        "w": 65,
        "h": 221
      }
    },
    "thunderSplashMagic8": {
      "frame": {
        "x": 1795,
        "y": 746,
        "w": 175,
        "h": 147
      },
      "rotated": true,
      "trimmed": true,
      "spriteSourceSize": {
        "x": -2,
        "y": -2,
        "w": 175,
        "h": 147
      },
      "sourceSize": {
        "w": 171,
        "h": 143
      }
    },
    "thunderSplashRay2": {
      "frame": {
        "x": 878,
        "y": 1730,
        "w": 11,
        "h": 162
      },
      "rotated": true,
      "trimmed": true,
      "spriteSourceSize": {
        "x": -2,
        "y": -2,
        "w": 11,
        "h": 162
      },
      "sourceSize": {
        "w": 7,
        "h": 158
      }
    },
    "thunderSplashMagic3": {
      "frame": {
        "x": 2005,
        "y": 1461,
        "w": 105,
        "h": 39
      },
      "rotated": true,
      "trimmed": true,
      "spriteSourceSize": {
        "x": -2,
        "y": -2,
        "w": 105,
        "h": 39
      },
      "sourceSize": {
        "w": 101,
        "h": 35
      }
    },
    "thunderSplashMagic4": {
      "frame": {
        "x": 370,
        "y": 1947,
        "w": 91,
        "h": 91
      },
      "rotated": false,
      "trimmed": true,
      "spriteSourceSize": {
        "x": -2,
        "y": -2,
        "w": 91,
        "h": 91
      },
      "sourceSize": {
        "w": 87,
        "h": 87
      }
    },
    "thunderSplashMagic7": {
      "frame": {
        "x": 461,
        "y": 1947,
        "w": 91,
        "h": 87
      },
      "rotated": true,
      "trimmed": true,
      "spriteSourceSize": {
        "x": -2,
        "y": -2,
        "w": 91,
        "h": 87
      },
      "sourceSize": {
        "w": 87,
        "h": 83
      }
    },
    "thunderSplashMagic2": {
      "frame": {
        "x": 1969,
        "y": 1714,
        "w": 77,
        "h": 73
      },
      "rotated": true,
      "trimmed": true,
      "spriteSourceSize": {
        "x": -2,
        "y": -2,
        "w": 77,
        "h": 73
      },
      "sourceSize": {
        "w": 73,
        "h": 69
      }
    }
  },
  "meta": {
    "app": "PixiAnimate",
    "scale": 1,
    "image": "loader_core_default_atlas_0.png?c=f2bd7aad84",
    "size": {
      "w": 2048,
      "h": 2048
    }
  }
}