{
  "frames": {
    "beamSplashCharacter": {
      "frame": {
        "x": 0,
        "y": 0,
        "w": 1032,
        "h": 1159
      },
      "rotated": false,
      "trimmed": true,
      "spriteSourceSize": {
        "x": -2,
        "y": -2,
        "w": 1032,
        "h": 1159
      },
      "sourceSize": {
        "w": 1028,
        "h": 1155
      }
    }
  },
  "meta": {
    "app": "PixiAnimate",
    "scale": 1,
    "image": "loader_core_beam_atlas_0.png?c=b4d3fcf3d0",
    "size": {
      "w": 2048,
      "h": 2048
    }
  }
}