{
  "frames": {
    "tile9Fat4x4Glow": {
      "frame": {
        "x": 0,
        "y": 0,
        "w": 524,
        "h": 444
      },
      "rotated": false,
      "trimmed": true,
      "spriteSourceSize": {
        "x": -2,
        "y": -2,
        "w": 524,
        "h": 444
      },
      "sourceSize": {
        "w": 520,
        "h": 440
      }
    },
    "tile8Fat4x4Glow": {
      "frame": {
        "x": 524,
        "y": 0,
        "w": 492,
        "h": 472
      },
      "rotated": false,
      "trimmed": true,
      "spriteSourceSize": {
        "x": -2,
        "y": -2,
        "w": 492,
        "h": 472
      },
      "sourceSize": {
        "w": 488,
        "h": 468
      }
    },
    "tile7Fat4x4Glow": {
      "frame": {
        "x": 0,
        "y": 444,
        "w": 492,
        "h": 444
      },
      "rotated": false,
      "trimmed": true,
      "spriteSourceSize": {
        "x": -2,
        "y": -2,
        "w": 492,
        "h": 444
      },
      "sourceSize": {
        "w": 488,
        "h": 440
      }
    },
    "tile5Fat4x4Glow": {
      "frame": {
        "x": 1016,
        "y": 0,
        "w": 476,
        "h": 444
      },
      "rotated": false,
      "trimmed": true,
      "spriteSourceSize": {
        "x": -2,
        "y": -2,
        "w": 476,
        "h": 444
      },
      "sourceSize": {
        "w": 472,
        "h": 440
      }
    },
    "tile6Fat4x4Glow": {
      "frame": {
        "x": 1492,
        "y": 0,
        "w": 472,
        "h": 437
      },
      "rotated": false,
      "trimmed": true,
      "spriteSourceSize": {
        "x": -2,
        "y": -2,
        "w": 472,
        "h": 437
      },
      "sourceSize": {
        "w": 468,
        "h": 433
      }
    },
    "tile8Fat4x4Queen": {
      "frame": {
        "x": 1492,
        "y": 437,
        "w": 418,
        "h": 466
      },
      "rotated": true,
      "trimmed": true,
      "spriteSourceSize": {
        "x": -2,
        "y": -2,
        "w": 418,
        "h": 466
      },
      "sourceSize": {
        "w": 414,
        "h": 462
      }
    },
    "tile7Fat4x4Top": {
      "frame": {
        "x": 1016,
        "y": 444,
        "w": 455,
        "h": 416
      },
      "rotated": false,
      "trimmed": true,
      "spriteSourceSize": {
        "x": 1,
        "y": -2,
        "w": 455,
        "h": 416
      },
      "sourceSize": {
        "w": 454,
        "h": 412
      }
    },
    "tile6Fat4x4Officer": {
      "frame": {
        "x": 492,
        "y": 472,
        "w": 398,
        "h": 427
      },
      "rotated": true,
      "trimmed": true,
      "spriteSourceSize": {
        "x": -2,
        "y": -2,
        "w": 398,
        "h": 427
      },
      "sourceSize": {
        "w": 394,
        "h": 423
      }
    },
    "tile5Fat4x4Horse": {
      "frame": {
        "x": 1471,
        "y": 855,
        "w": 323,
        "h": 372
      },
      "rotated": true,
      "trimmed": true,
      "spriteSourceSize": {
        "x": -2,
        "y": -2,
        "w": 323,
        "h": 372
      },
      "sourceSize": {
        "w": 319,
        "h": 368
      }
    },
    "tile11Glow": {
      "frame": {
        "x": 919,
        "y": 860,
        "w": 251,
        "h": 261
      },
      "rotated": true,
      "trimmed": true,
      "spriteSourceSize": {
        "x": -2,
        "y": -2,
        "w": 251,
        "h": 261
      },
      "sourceSize": {
        "w": 247,
        "h": 257
      }
    },
    "tile8Glow": {
      "frame": {
        "x": 1843,
        "y": 855,
        "w": 126,
        "h": 123
      },
      "rotated": false,
      "trimmed": true,
      "spriteSourceSize": {
        "x": -2,
        "y": -2,
        "w": 126,
        "h": 123
      },
      "sourceSize": {
        "w": 122,
        "h": 119
      }
    },
    "tile7Glow": {
      "frame": {
        "x": 1843,
        "y": 978,
        "w": 126,
        "h": 114
      },
      "rotated": false,
      "trimmed": true,
      "spriteSourceSize": {
        "x": -2,
        "y": -2,
        "w": 126,
        "h": 114
      },
      "sourceSize": {
        "w": 122,
        "h": 110
      }
    },
    "tile5Glow": {
      "frame": {
        "x": 1843,
        "y": 1092,
        "w": 122,
        "h": 114
      },
      "rotated": false,
      "trimmed": true,
      "spriteSourceSize": {
        "x": -2,
        "y": -2,
        "w": 122,
        "h": 114
      },
      "sourceSize": {
        "w": 118,
        "h": 110
      }
    },
    "tile6Glow": {
      "frame": {
        "x": 1180,
        "y": 860,
        "w": 120,
        "h": 112
      },
      "rotated": false,
      "trimmed": true,
      "spriteSourceSize": {
        "x": -2,
        "y": -2,
        "w": 120,
        "h": 112
      },
      "sourceSize": {
        "w": 116,
        "h": 108
      }
    },
    "tile8Queen": {
      "frame": {
        "x": 1300,
        "y": 860,
        "w": 108,
        "h": 120
      },
      "rotated": true,
      "trimmed": true,
      "spriteSourceSize": {
        "x": -2,
        "y": -2,
        "w": 108,
        "h": 120
      },
      "sourceSize": {
        "w": 104,
        "h": 116
      }
    },
    "tile7Top": {
      "frame": {
        "x": 1300,
        "y": 968,
        "w": 117,
        "h": 107
      },
      "rotated": false,
      "trimmed": true,
      "spriteSourceSize": {
        "x": -2,
        "y": -2,
        "w": 117,
        "h": 107
      },
      "sourceSize": {
        "w": 113,
        "h": 103
      }
    },
    "tile6Officer": {
      "frame": {
        "x": 1180,
        "y": 972,
        "w": 102,
        "h": 102
      },
      "rotated": false,
      "trimmed": true,
      "spriteSourceSize": {
        "x": -2,
        "y": -2,
        "w": 102,
        "h": 102
      },
      "sourceSize": {
        "w": 98,
        "h": 98
      }
    },
    "tile5Horse": {
      "frame": {
        "x": 1958,
        "y": 437,
        "w": 84,
        "h": 94
      },
      "rotated": false,
      "trimmed": true,
      "spriteSourceSize": {
        "x": -2,
        "y": -2,
        "w": 84,
        "h": 94
      },
      "sourceSize": {
        "w": 80,
        "h": 90
      }
    }
  },
  "meta": {
    "app": "PixiAnimate",
    "scale": 1,
    "image": "main_core_tiles_atlas_0.png?c=b480b45bcb",
    "size": {
      "w": 2048,
      "h": 2048
    }
  }
}