{
  "frames": {
    "superWinBgMagic1": {
      "frame": {
        "x": 0,
        "y": 0,
        "w": 575,
        "h": 1254
      },
      "rotated": false,
      "trimmed": true,
      "spriteSourceSize": {
        "x": -2,
        "y": -2,
        "w": 575,
        "h": 1254
      },
      "sourceSize": {
        "w": 571,
        "h": 1250
      }
    },
    "megaWinGlow": {
      "frame": {
        "x": 0,
        "y": 1254,
        "w": 1185,
        "h": 580
      },
      "rotated": false,
      "trimmed": true,
      "spriteSourceSize": {
        "x": -2,
        "y": -2,
        "w": 1185,
        "h": 580
      },
      "sourceSize": {
        "w": 1181,
        "h": 576
      }
    },
    "sceneSlotSpecialKnight": {
      "frame": {
        "x": 1185,
        "y": 0,
        "w": 796,
        "h": 1071
      },
      "rotated": false,
      "trimmed": true,
      "spriteSourceSize": {
        "x": -2,
        "y": -2,
        "w": 796,
        "h": 1071
      },
      "sourceSize": {
        "w": 792,
        "h": 1067
      }
    },
    "sceneSlotLight4": {
      "frame": {
        "x": 0,
        "y": 1834,
        "w": 203,
        "h": 1007
      },
      "rotated": true,
      "trimmed": true,
      "spriteSourceSize": {
        "x": -2,
        "y": -2,
        "w": 203,
        "h": 1007
      },
      "sourceSize": {
        "w": 199,
        "h": 1003
      }
    },
    "bigWinPlate": {
      "frame": {
        "x": 1185,
        "y": 1071,
        "w": 919,
        "h": 324
      },
      "rotated": true,
      "trimmed": true,
      "spriteSourceSize": {
        "x": -2,
        "y": -2,
        "w": 919,
        "h": 324
      },
      "sourceSize": {
        "w": 915,
        "h": 320
      }
    },
    "slotLeft": {
      "frame": {
        "x": 1509,
        "y": 1071,
        "w": 180,
        "h": 883
      },
      "rotated": false,
      "trimmed": true,
      "spriteSourceSize": {
        "x": 15,
        "y": -2,
        "w": 180,
        "h": 883
      },
      "sourceSize": {
        "w": 193,
        "h": 879
      }
    },
    "slotRight": {
      "frame": {
        "x": 1689,
        "y": 1071,
        "w": 180,
        "h": 883
      },
      "rotated": false,
      "trimmed": true,
      "spriteSourceSize": {
        "x": -2,
        "y": -2,
        "w": 180,
        "h": 883
      },
      "sourceSize": {
        "w": 193,
        "h": 879
      }
    },
    "slotSpecialLeft": {
      "frame": {
        "x": 575,
        "y": 0,
        "w": 180,
        "h": 883
      },
      "rotated": false,
      "trimmed": true,
      "spriteSourceSize": {
        "x": 15,
        "y": -2,
        "w": 180,
        "h": 883
      },
      "sourceSize": {
        "w": 193,
        "h": 879
      }
    },
    "slotSpecialRight": {
      "frame": {
        "x": 755,
        "y": 0,
        "w": 180,
        "h": 883
      },
      "rotated": false,
      "trimmed": true,
      "spriteSourceSize": {
        "x": -2,
        "y": -2,
        "w": 180,
        "h": 883
      },
      "sourceSize": {
        "w": 193,
        "h": 879
      }
    },
    "anticipationBaseInnerBig": {
      "frame": {
        "x": 1869,
        "y": 1071,
        "w": 128,
        "h": 876
      },
      "rotated": false,
      "trimmed": true,
      "spriteSourceSize": {
        "x": -2,
        "y": -2,
        "w": 128,
        "h": 876
      },
      "sourceSize": {
        "w": 124,
        "h": 872
      }
    },
    "megaWinArena": {
      "frame": {
        "x": 935,
        "y": 0,
        "w": 874,
        "h": 93
      },
      "rotated": true,
      "trimmed": true,
      "spriteSourceSize": {
        "x": -2,
        "y": -2,
        "w": 874,
        "h": 93
      },
      "sourceSize": {
        "w": 870,
        "h": 89
      }
    },
    "freeSpinsPlate": {
      "frame": {
        "x": 1028,
        "y": 0,
        "w": 735,
        "h": 96
      },
      "rotated": true,
      "trimmed": true,
      "spriteSourceSize": {
        "x": -2,
        "y": -2,
        "w": 735,
        "h": 96
      },
      "sourceSize": {
        "w": 731,
        "h": 92
      }
    },
    "sceneSlotSpecialBishop": {
      "frame": {
        "x": 575,
        "y": 883,
        "w": 277,
        "h": 572
      },
      "rotated": true,
      "trimmed": true,
      "spriteSourceSize": {
        "x": -2,
        "y": -2,
        "w": 277,
        "h": 572
      },
      "sourceSize": {
        "w": 273,
        "h": 568
      }
    },
    "tile9Fat4x4FrameUp": {
      "frame": {
        "x": 1124,
        "y": 0,
        "w": 492,
        "h": 58
      },
      "rotated": true,
      "trimmed": true,
      "spriteSourceSize": {
        "x": -2,
        "y": -2,
        "w": 492,
        "h": 58
      },
      "sourceSize": {
        "w": 488,
        "h": 54
      }
    },
    "winBoxBlink2": {
      "frame": {
        "x": 1509,
        "y": 1954,
        "w": 76,
        "h": 375
      },
      "rotated": true,
      "trimmed": true,
      "spriteSourceSize": {
        "x": 4,
        "y": -2,
        "w": 76,
        "h": 375
      },
      "sourceSize": {
        "w": 85,
        "h": 371
      }
    },
    "tile100Sword": {
      "frame": {
        "x": 1124,
        "y": 492,
        "w": 58,
        "h": 277
      },
      "rotated": false,
      "trimmed": true,
      "spriteSourceSize": {
        "x": -2,
        "y": -2,
        "w": 58,
        "h": 277
      },
      "sourceSize": {
        "w": 54,
        "h": 273
      }
    },
    "shine28": {
      "frame": {
        "x": 1007,
        "y": 2030,
        "w": 254,
        "h": 11
      },
      "rotated": false,
      "trimmed": true,
      "spriteSourceSize": {
        "x": -2,
        "y": -2,
        "w": 254,
        "h": 11
      },
      "sourceSize": {
        "w": 250,
        "h": 7
      }
    },
    "shine29": {
      "frame": {
        "x": 1261,
        "y": 2030,
        "w": 254,
        "h": 11
      },
      "rotated": false,
      "trimmed": true,
      "spriteSourceSize": {
        "x": -2,
        "y": -2,
        "w": 254,
        "h": 11
      },
      "sourceSize": {
        "w": 250,
        "h": 7
      }
    },
    "shine3": {
      "frame": {
        "x": 1515,
        "y": 2030,
        "w": 254,
        "h": 11
      },
      "rotated": false,
      "trimmed": true,
      "spriteSourceSize": {
        "x": -2,
        "y": -2,
        "w": 254,
        "h": 11
      },
      "sourceSize": {
        "w": 250,
        "h": 7
      }
    },
    "shine30": {
      "frame": {
        "x": 1769,
        "y": 2030,
        "w": 254,
        "h": 11
      },
      "rotated": false,
      "trimmed": true,
      "spriteSourceSize": {
        "x": -2,
        "y": -2,
        "w": 254,
        "h": 11
      },
      "sourceSize": {
        "w": 250,
        "h": 7
      }
    },
    "shine31": {
      "frame": {
        "x": 2023,
        "y": 0,
        "w": 254,
        "h": 11
      },
      "rotated": true,
      "trimmed": true,
      "spriteSourceSize": {
        "x": -2,
        "y": -2,
        "w": 254,
        "h": 11
      },
      "sourceSize": {
        "w": 250,
        "h": 7
      }
    },
    "shine32": {
      "frame": {
        "x": 2023,
        "y": 254,
        "w": 254,
        "h": 11
      },
      "rotated": true,
      "trimmed": true,
      "spriteSourceSize": {
        "x": -2,
        "y": -2,
        "w": 254,
        "h": 11
      },
      "sourceSize": {
        "w": 250,
        "h": 7
      }
    },
    "shine33": {
      "frame": {
        "x": 2023,
        "y": 508,
        "w": 254,
        "h": 11
      },
      "rotated": true,
      "trimmed": true,
      "spriteSourceSize": {
        "x": -2,
        "y": -2,
        "w": 254,
        "h": 11
      },
      "sourceSize": {
        "w": 250,
        "h": 7
      }
    },
    "shine34": {
      "frame": {
        "x": 2023,
        "y": 762,
        "w": 254,
        "h": 11
      },
      "rotated": true,
      "trimmed": true,
      "spriteSourceSize": {
        "x": -2,
        "y": -2,
        "w": 254,
        "h": 11
      },
      "sourceSize": {
        "w": 250,
        "h": 7
      }
    },
    "shine35": {
      "frame": {
        "x": 2023,
        "y": 1016,
        "w": 254,
        "h": 11
      },
      "rotated": true,
      "trimmed": true,
      "spriteSourceSize": {
        "x": -2,
        "y": -2,
        "w": 254,
        "h": 11
      },
      "sourceSize": {
        "w": 250,
        "h": 7
      }
    },
    "shine36": {
      "frame": {
        "x": 2023,
        "y": 1270,
        "w": 254,
        "h": 11
      },
      "rotated": true,
      "trimmed": true,
      "spriteSourceSize": {
        "x": -2,
        "y": -2,
        "w": 254,
        "h": 11
      },
      "sourceSize": {
        "w": 250,
        "h": 7
      }
    },
    "shine37": {
      "frame": {
        "x": 2023,
        "y": 1524,
        "w": 254,
        "h": 11
      },
      "rotated": true,
      "trimmed": true,
      "spriteSourceSize": {
        "x": -2,
        "y": -2,
        "w": 254,
        "h": 11
      },
      "sourceSize": {
        "w": 250,
        "h": 7
      }
    },
    "shine38": {
      "frame": {
        "x": 2023,
        "y": 1778,
        "w": 254,
        "h": 11
      },
      "rotated": true,
      "trimmed": true,
      "spriteSourceSize": {
        "x": -2,
        "y": -2,
        "w": 254,
        "h": 11
      },
      "sourceSize": {
        "w": 250,
        "h": 7
      }
    },
    "shine39": {
      "frame": {
        "x": 1997,
        "y": 0,
        "w": 254,
        "h": 11
      },
      "rotated": true,
      "trimmed": true,
      "spriteSourceSize": {
        "x": -2,
        "y": -2,
        "w": 254,
        "h": 11
      },
      "sourceSize": {
        "w": 250,
        "h": 7
      }
    },
    "shine4": {
      "frame": {
        "x": 2008,
        "y": 0,
        "w": 254,
        "h": 11
      },
      "rotated": true,
      "trimmed": true,
      "spriteSourceSize": {
        "x": -2,
        "y": -2,
        "w": 254,
        "h": 11
      },
      "sourceSize": {
        "w": 250,
        "h": 7
      }
    },
    "shine40": {
      "frame": {
        "x": 1981,
        "y": 0,
        "w": 254,
        "h": 11
      },
      "rotated": true,
      "trimmed": true,
      "spriteSourceSize": {
        "x": -2,
        "y": -2,
        "w": 254,
        "h": 11
      },
      "sourceSize": {
        "w": 250,
        "h": 7
      }
    },
    "shine41": {
      "frame": {
        "x": 1997,
        "y": 254,
        "w": 254,
        "h": 11
      },
      "rotated": true,
      "trimmed": true,
      "spriteSourceSize": {
        "x": -2,
        "y": -2,
        "w": 254,
        "h": 11
      },
      "sourceSize": {
        "w": 250,
        "h": 7
      }
    },
    "shine42": {
      "frame": {
        "x": 2008,
        "y": 254,
        "w": 254,
        "h": 11
      },
      "rotated": true,
      "trimmed": true,
      "spriteSourceSize": {
        "x": -2,
        "y": -2,
        "w": 254,
        "h": 11
      },
      "sourceSize": {
        "w": 250,
        "h": 7
      }
    },
    "shine43": {
      "frame": {
        "x": 1981,
        "y": 254,
        "w": 254,
        "h": 11
      },
      "rotated": true,
      "trimmed": true,
      "spriteSourceSize": {
        "x": -2,
        "y": -2,
        "w": 254,
        "h": 11
      },
      "sourceSize": {
        "w": 250,
        "h": 7
      }
    },
    "shine44": {
      "frame": {
        "x": 1997,
        "y": 508,
        "w": 254,
        "h": 11
      },
      "rotated": true,
      "trimmed": true,
      "spriteSourceSize": {
        "x": -2,
        "y": -2,
        "w": 254,
        "h": 11
      },
      "sourceSize": {
        "w": 250,
        "h": 7
      }
    },
    "shine45": {
      "frame": {
        "x": 2008,
        "y": 508,
        "w": 254,
        "h": 11
      },
      "rotated": true,
      "trimmed": true,
      "spriteSourceSize": {
        "x": -2,
        "y": -2,
        "w": 254,
        "h": 11
      },
      "sourceSize": {
        "w": 250,
        "h": 7
      }
    },
    "shine46": {
      "frame": {
        "x": 1981,
        "y": 508,
        "w": 254,
        "h": 11
      },
      "rotated": true,
      "trimmed": true,
      "spriteSourceSize": {
        "x": -2,
        "y": -2,
        "w": 254,
        "h": 11
      },
      "sourceSize": {
        "w": 250,
        "h": 7
      }
    },
    "shine47": {
      "frame": {
        "x": 1997,
        "y": 762,
        "w": 254,
        "h": 11
      },
      "rotated": true,
      "trimmed": true,
      "spriteSourceSize": {
        "x": -2,
        "y": -2,
        "w": 254,
        "h": 11
      },
      "sourceSize": {
        "w": 250,
        "h": 7
      }
    },
    "shine48": {
      "frame": {
        "x": 2008,
        "y": 762,
        "w": 254,
        "h": 11
      },
      "rotated": true,
      "trimmed": true,
      "spriteSourceSize": {
        "x": -2,
        "y": -2,
        "w": 254,
        "h": 11
      },
      "sourceSize": {
        "w": 250,
        "h": 7
      }
    },
    "shine49": {
      "frame": {
        "x": 1981,
        "y": 762,
        "w": 254,
        "h": 11
      },
      "rotated": true,
      "trimmed": true,
      "spriteSourceSize": {
        "x": -2,
        "y": -2,
        "w": 254,
        "h": 11
      },
      "sourceSize": {
        "w": 250,
        "h": 7
      }
    },
    "shine5": {
      "frame": {
        "x": 1997,
        "y": 1016,
        "w": 254,
        "h": 11
      },
      "rotated": true,
      "trimmed": true,
      "spriteSourceSize": {
        "x": -2,
        "y": -2,
        "w": 254,
        "h": 11
      },
      "sourceSize": {
        "w": 250,
        "h": 7
      }
    },
    "shine50": {
      "frame": {
        "x": 2008,
        "y": 1016,
        "w": 254,
        "h": 11
      },
      "rotated": true,
      "trimmed": true,
      "spriteSourceSize": {
        "x": -2,
        "y": -2,
        "w": 254,
        "h": 11
      },
      "sourceSize": {
        "w": 250,
        "h": 7
      }
    },
    "shine51": {
      "frame": {
        "x": 1997,
        "y": 1270,
        "w": 254,
        "h": 11
      },
      "rotated": true,
      "trimmed": true,
      "spriteSourceSize": {
        "x": -2,
        "y": -2,
        "w": 254,
        "h": 11
      },
      "sourceSize": {
        "w": 250,
        "h": 7
      }
    },
    "shine52": {
      "frame": {
        "x": 2008,
        "y": 1270,
        "w": 254,
        "h": 11
      },
      "rotated": true,
      "trimmed": true,
      "spriteSourceSize": {
        "x": -2,
        "y": -2,
        "w": 254,
        "h": 11
      },
      "sourceSize": {
        "w": 250,
        "h": 7
      }
    },
    "shine53": {
      "frame": {
        "x": 1997,
        "y": 1524,
        "w": 254,
        "h": 11
      },
      "rotated": true,
      "trimmed": true,
      "spriteSourceSize": {
        "x": -2,
        "y": -2,
        "w": 254,
        "h": 11
      },
      "sourceSize": {
        "w": 250,
        "h": 7
      }
    },
    "shine54": {
      "frame": {
        "x": 2008,
        "y": 1524,
        "w": 254,
        "h": 11
      },
      "rotated": true,
      "trimmed": true,
      "spriteSourceSize": {
        "x": -2,
        "y": -2,
        "w": 254,
        "h": 11
      },
      "sourceSize": {
        "w": 250,
        "h": 7
      }
    },
    "shine55": {
      "frame": {
        "x": 1147,
        "y": 769,
        "w": 254,
        "h": 11
      },
      "rotated": true,
      "trimmed": true,
      "spriteSourceSize": {
        "x": -2,
        "y": -2,
        "w": 254,
        "h": 11
      },
      "sourceSize": {
        "w": 250,
        "h": 7
      }
    },
    "shine56": {
      "frame": {
        "x": 1158,
        "y": 769,
        "w": 254,
        "h": 11
      },
      "rotated": true,
      "trimmed": true,
      "spriteSourceSize": {
        "x": -2,
        "y": -2,
        "w": 254,
        "h": 11
      },
      "sourceSize": {
        "w": 250,
        "h": 7
      }
    },
    "shine57": {
      "frame": {
        "x": 1169,
        "y": 769,
        "w": 254,
        "h": 11
      },
      "rotated": true,
      "trimmed": true,
      "spriteSourceSize": {
        "x": -2,
        "y": -2,
        "w": 254,
        "h": 11
      },
      "sourceSize": {
        "w": 250,
        "h": 7
      }
    },
    "shine58": {
      "frame": {
        "x": 1007,
        "y": 1990,
        "w": 254,
        "h": 11
      },
      "rotated": false,
      "trimmed": true,
      "spriteSourceSize": {
        "x": -2,
        "y": -2,
        "w": 254,
        "h": 11
      },
      "sourceSize": {
        "w": 250,
        "h": 7
      }
    },
    "shine6": {
      "frame": {
        "x": 1007,
        "y": 2001,
        "w": 254,
        "h": 11
      },
      "rotated": false,
      "trimmed": true,
      "spriteSourceSize": {
        "x": -2,
        "y": -2,
        "w": 254,
        "h": 11
      },
      "sourceSize": {
        "w": 250,
        "h": 7
      }
    },
    "shine7": {
      "frame": {
        "x": 1007,
        "y": 2012,
        "w": 254,
        "h": 11
      },
      "rotated": false,
      "trimmed": true,
      "spriteSourceSize": {
        "x": -2,
        "y": -2,
        "w": 254,
        "h": 11
      },
      "sourceSize": {
        "w": 250,
        "h": 7
      }
    },
    "shine8": {
      "frame": {
        "x": 575,
        "y": 1160,
        "w": 254,
        "h": 11
      },
      "rotated": false,
      "trimmed": true,
      "spriteSourceSize": {
        "x": -2,
        "y": -2,
        "w": 254,
        "h": 11
      },
      "sourceSize": {
        "w": 250,
        "h": 7
      }
    },
    "shine9": {
      "frame": {
        "x": 575,
        "y": 1171,
        "w": 254,
        "h": 11
      },
      "rotated": false,
      "trimmed": true,
      "spriteSourceSize": {
        "x": -2,
        "y": -2,
        "w": 254,
        "h": 11
      },
      "sourceSize": {
        "w": 250,
        "h": 7
      }
    },
    "tile10Sword": {
      "frame": {
        "x": 575,
        "y": 1182,
        "w": 50,
        "h": 245
      },
      "rotated": true,
      "trimmed": true,
      "spriteSourceSize": {
        "x": -2,
        "y": -2,
        "w": 50,
        "h": 245
      },
      "sourceSize": {
        "w": 46,
        "h": 241
      }
    },
    "fsShines_0015": {
      "frame": {
        "x": 820,
        "y": 1182,
        "w": 56,
        "h": 228
      },
      "rotated": true,
      "trimmed": true,
      "spriteSourceSize": {
        "x": 123,
        "y": 48,
        "w": 56,
        "h": 228
      },
      "sourceSize": {
        "w": 300,
        "h": 300
      }
    },
    "winFrameBlinkLong": {
      "frame": {
        "x": 575,
        "y": 1238,
        "w": 198,
        "h": 16
      },
      "rotated": false,
      "trimmed": true,
      "spriteSourceSize": {
        "x": -2,
        "y": -2,
        "w": 198,
        "h": 16
      },
      "sourceSize": {
        "w": 194,
        "h": 12
      }
    },
    "tile10WingsBig": {
      "frame": {
        "x": 1007,
        "y": 1834,
        "w": 79,
        "h": 176
      },
      "rotated": true,
      "trimmed": true,
      "spriteSourceSize": {
        "x": -2,
        "y": -2,
        "w": 79,
        "h": 176
      },
      "sourceSize": {
        "w": 75,
        "h": 172
      }
    },
    "fsShines_0008": {
      "frame": {
        "x": 1007,
        "y": 1913,
        "w": 76,
        "h": 167
      },
      "rotated": true,
      "trimmed": true,
      "spriteSourceSize": {
        "x": 57,
        "y": 56,
        "w": 76,
        "h": 167
      },
      "sourceSize": {
        "w": 300,
        "h": 300
      }
    },
    "anticipationParticles": {
      "frame": {
        "x": 1028,
        "y": 735,
        "w": 148,
        "h": 36
      },
      "rotated": true,
      "trimmed": true,
      "spriteSourceSize": {
        "x": -2,
        "y": -2,
        "w": 148,
        "h": 36
      },
      "sourceSize": {
        "w": 144,
        "h": 32
      }
    },
    "anticipationGlow2Curved": {
      "frame": {
        "x": 1048,
        "y": 1160,
        "w": 136,
        "h": 70
      },
      "rotated": false,
      "trimmed": true,
      "spriteSourceSize": {
        "x": 1,
        "y": -2,
        "w": 136,
        "h": 70
      },
      "sourceSize": {
        "w": 135,
        "h": 68
      }
    },
    "fsShines_0006": {
      "frame": {
        "x": 1884,
        "y": 1947,
        "w": 82,
        "h": 132
      },
      "rotated": true,
      "trimmed": true,
      "spriteSourceSize": {
        "x": 39,
        "y": 63,
        "w": 82,
        "h": 132
      },
      "sourceSize": {
        "w": 300,
        "h": 300
      }
    },
    "anticipationGlow2": {
      "frame": {
        "x": 1064,
        "y": 735,
        "w": 132,
        "h": 56
      },
      "rotated": true,
      "trimmed": true,
      "spriteSourceSize": {
        "x": -2,
        "y": -2,
        "w": 132,
        "h": 56
      },
      "sourceSize": {
        "w": 128,
        "h": 52
      }
    },
    "tile5FrameDown": {
      "frame": {
        "x": 829,
        "y": 1160,
        "w": 126,
        "h": 17
      },
      "rotated": false,
      "trimmed": true,
      "spriteSourceSize": {
        "x": -2,
        "y": -2,
        "w": 126,
        "h": 17
      },
      "sourceSize": {
        "w": 122,
        "h": 13
      }
    },
    "tile5FrameUp": {
      "frame": {
        "x": 1048,
        "y": 1230,
        "w": 126,
        "h": 17
      },
      "rotated": false,
      "trimmed": true,
      "spriteSourceSize": {
        "x": -2,
        "y": -2,
        "w": 126,
        "h": 17
      },
      "sourceSize": {
        "w": 122,
        "h": 13
      }
    },
    "tile6FrameDown": {
      "frame": {
        "x": 1997,
        "y": 1778,
        "w": 126,
        "h": 17
      },
      "rotated": true,
      "trimmed": true,
      "spriteSourceSize": {
        "x": -2,
        "y": -2,
        "w": 126,
        "h": 17
      },
      "sourceSize": {
        "w": 122,
        "h": 13
      }
    },
    "tile6FrameUp": {
      "frame": {
        "x": 1147,
        "y": 1023,
        "w": 126,
        "h": 17
      },
      "rotated": true,
      "trimmed": true,
      "spriteSourceSize": {
        "x": -2,
        "y": -2,
        "w": 126,
        "h": 17
      },
      "sourceSize": {
        "w": 122,
        "h": 13
      }
    },
    "tile7FrameDown": {
      "frame": {
        "x": 1164,
        "y": 1023,
        "w": 126,
        "h": 17
      },
      "rotated": true,
      "trimmed": true,
      "spriteSourceSize": {
        "x": -2,
        "y": -2,
        "w": 126,
        "h": 17
      },
      "sourceSize": {
        "w": 122,
        "h": 13
      }
    },
    "tile7FrameUp": {
      "frame": {
        "x": 1261,
        "y": 1990,
        "w": 126,
        "h": 17
      },
      "rotated": false,
      "trimmed": true,
      "spriteSourceSize": {
        "x": -2,
        "y": -2,
        "w": 126,
        "h": 17
      },
      "sourceSize": {
        "w": 122,
        "h": 13
      }
    },
    "tile8FrameDown": {
      "frame": {
        "x": 1261,
        "y": 2007,
        "w": 126,
        "h": 17
      },
      "rotated": false,
      "trimmed": true,
      "spriteSourceSize": {
        "x": -2,
        "y": -2,
        "w": 126,
        "h": 17
      },
      "sourceSize": {
        "w": 122,
        "h": 13
      }
    },
    "tile9FrameLeft": {
      "frame": {
        "x": 935,
        "y": 874,
        "w": 9,
        "h": 88
      },
      "rotated": true,
      "trimmed": true,
      "spriteSourceSize": {
        "x": -2,
        "y": -2,
        "w": 9,
        "h": 88
      },
      "sourceSize": {
        "w": 5,
        "h": 84
      }
    },
    "tile9FrameRight": {
      "frame": {
        "x": 2014,
        "y": 1778,
        "w": 9,
        "h": 88
      },
      "rotated": false,
      "trimmed": true,
      "spriteSourceSize": {
        "x": -2,
        "y": -2,
        "w": 9,
        "h": 88
      },
      "sourceSize": {
        "w": 5,
        "h": 84
      }
    },
    "tile9Shadow": {
      "frame": {
        "x": 2034,
        "y": 0,
        "w": 9,
        "h": 85
      },
      "rotated": false,
      "trimmed": true,
      "spriteSourceSize": {
        "x": -2,
        "y": -2,
        "w": 9,
        "h": 85
      },
      "sourceSize": {
        "w": 5,
        "h": 81
      }
    },
    "fsShines_0001": {
      "frame": {
        "x": 1387,
        "y": 1990,
        "w": 37,
        "h": 33
      },
      "rotated": true,
      "trimmed": true,
      "spriteSourceSize": {
        "x": 37,
        "y": 97,
        "w": 37,
        "h": 33
      },
      "sourceSize": {
        "w": 300,
        "h": 300
      }
    },
    "tile100FlagBack2": {
      "frame": {
        "x": 1420,
        "y": 1990,
        "w": 31,
        "h": 31
      },
      "rotated": false,
      "trimmed": true,
      "spriteSourceSize": {
        "x": -2,
        "y": -2,
        "w": 31,
        "h": 31
      },
      "sourceSize": {
        "w": 27,
        "h": 27
      }
    },
    "lineFillCorner": {
      "frame": {
        "x": 1451,
        "y": 1990,
        "w": 28,
        "h": 28
      },
      "rotated": false,
      "trimmed": true,
      "spriteSourceSize": {
        "x": -2,
        "y": -2,
        "w": 28,
        "h": 28
      },
      "sourceSize": {
        "w": 24,
        "h": 24
      }
    },
    "lineFillCornerTile1": {
      "frame": {
        "x": 1479,
        "y": 1990,
        "w": 28,
        "h": 28
      },
      "rotated": false,
      "trimmed": true,
      "spriteSourceSize": {
        "x": -2,
        "y": -2,
        "w": 28,
        "h": 28
      },
      "sourceSize": {
        "w": 24,
        "h": 24
      }
    },
    "fireflyOrange": {
      "frame": {
        "x": 1120,
        "y": 769,
        "w": 26,
        "h": 27
      },
      "rotated": true,
      "trimmed": true,
      "spriteSourceSize": {
        "x": -2,
        "y": -2,
        "w": 26,
        "h": 27
      },
      "sourceSize": {
        "w": 22,
        "h": 23
      }
    },
    "fireParticle1": {
      "frame": {
        "x": 773,
        "y": 1232,
        "w": 24,
        "h": 20
      },
      "rotated": false,
      "trimmed": true,
      "spriteSourceSize": {
        "x": -2,
        "y": -2,
        "w": 24,
        "h": 20
      },
      "sourceSize": {
        "w": 20,
        "h": 16
      }
    }
  },
  "meta": {
    "app": "PixiAnimate",
    "scale": 1,
    "image": "main_core_default_atlas_1.png?c=76f0b82b0e",
    "size": {
      "w": 2048,
      "h": 2048
    }
  }
}