{
  "frames": {
    "effectSpin_40": {
      "frame": {
        "x": 0,
        "y": 0,
        "w": 209,
        "h": 199
      },
      "rotated": false,
      "trimmed": true,
      "spriteSourceSize": {
        "x": 1,
        "y": 11,
        "w": 209,
        "h": 199
      },
      "sourceSize": {
        "w": 335,
        "h": 347
      }
    },
    "fsShines_0011": {
      "frame": {
        "x": 209,
        "y": 0,
        "w": 98,
        "h": 209
      },
      "rotated": true,
      "trimmed": true,
      "spriteSourceSize": {
        "x": 62,
        "y": 48,
        "w": 98,
        "h": 209
      },
      "sourceSize": {
        "w": 300,
        "h": 300
      }
    },
    "coin_0011": {
      "frame": {
        "x": 418,
        "y": 0,
        "w": 204,
        "h": 200
      },
      "rotated": false,
      "trimmed": true,
      "spriteSourceSize": {
        "x": 51,
        "y": 30,
        "w": 204,
        "h": 200
      },
      "sourceSize": {
        "w": 300,
        "h": 300
      }
    },
    "anticipationFxPart3": {
      "frame": {
        "x": 209,
        "y": 98,
        "w": 117,
        "h": 204
      },
      "rotated": true,
      "trimmed": true,
      "spriteSourceSize": {
        "x": -2,
        "y": -2,
        "w": 117,
        "h": 204
      },
      "sourceSize": {
        "w": 113,
        "h": 200
      }
    },
    "effectSpin_27": {
      "frame": {
        "x": 0,
        "y": 199,
        "w": 203,
        "h": 187
      },
      "rotated": false,
      "trimmed": true,
      "spriteSourceSize": {
        "x": 134,
        "y": 141,
        "w": 203,
        "h": 187
      },
      "sourceSize": {
        "w": 335,
        "h": 347
      }
    },
    "freeSpinsSplashPawn1": {
      "frame": {
        "x": 622,
        "y": 0,
        "w": 114,
        "h": 203
      },
      "rotated": true,
      "trimmed": true,
      "spriteSourceSize": {
        "x": -2,
        "y": -2,
        "w": 114,
        "h": 203
      },
      "sourceSize": {
        "w": 110,
        "h": 199
      }
    },
    "fsShines_0010": {
      "frame": {
        "x": 825,
        "y": 0,
        "w": 98,
        "h": 200
      },
      "rotated": true,
      "trimmed": true,
      "spriteSourceSize": {
        "x": 57,
        "y": 50,
        "w": 98,
        "h": 200
      },
      "sourceSize": {
        "w": 300,
        "h": 300
      }
    },
    "pawnLight": {
      "frame": {
        "x": 1025,
        "y": 0,
        "w": 198,
        "h": 138
      },
      "rotated": false,
      "trimmed": true,
      "spriteSourceSize": {
        "x": 2,
        "y": 11,
        "w": 198,
        "h": 138
      },
      "sourceSize": {
        "w": 200,
        "h": 154
      }
    },
    "effectSpin_39": {
      "frame": {
        "x": 825,
        "y": 98,
        "w": 196,
        "h": 184
      },
      "rotated": false,
      "trimmed": true,
      "spriteSourceSize": {
        "x": 1,
        "y": 12,
        "w": 196,
        "h": 184
      },
      "sourceSize": {
        "w": 335,
        "h": 347
      }
    },
    "fsShines_0020": {
      "frame": {
        "x": 622,
        "y": 114,
        "w": 79,
        "h": 196
      },
      "rotated": true,
      "trimmed": true,
      "spriteSourceSize": {
        "x": 163,
        "y": 55,
        "w": 79,
        "h": 196
      },
      "sourceSize": {
        "w": 300,
        "h": 300
      }
    },
    "slotSpecialMultiGlow1": {
      "frame": {
        "x": 622,
        "y": 193,
        "w": 192,
        "h": 149
      },
      "rotated": false,
      "trimmed": true,
      "spriteSourceSize": {
        "x": -2,
        "y": -2,
        "w": 192,
        "h": 149
      },
      "sourceSize": {
        "w": 188,
        "h": 145
      }
    },
    "effectSpin_38": {
      "frame": {
        "x": 413,
        "y": 200,
        "w": 190,
        "h": 178
      },
      "rotated": false,
      "trimmed": true,
      "spriteSourceSize": {
        "x": 1,
        "y": 12,
        "w": 190,
        "h": 178
      },
      "sourceSize": {
        "w": 335,
        "h": 347
      }
    },
    "fsShines_0009": {
      "frame": {
        "x": 203,
        "y": 215,
        "w": 92,
        "h": 187
      },
      "rotated": true,
      "trimmed": true,
      "spriteSourceSize": {
        "x": 56,
        "y": 53,
        "w": 92,
        "h": 187
      },
      "sourceSize": {
        "w": 300,
        "h": 300
      }
    },
    "effectSpin_37": {
      "frame": {
        "x": 203,
        "y": 307,
        "w": 185,
        "h": 173
      },
      "rotated": false,
      "trimmed": true,
      "spriteSourceSize": {
        "x": 1,
        "y": 12,
        "w": 185,
        "h": 173
      },
      "sourceSize": {
        "w": 335,
        "h": 347
      }
    },
    "coin_0022": {
      "frame": {
        "x": 0,
        "y": 386,
        "w": 170,
        "h": 185
      },
      "rotated": true,
      "trimmed": true,
      "spriteSourceSize": {
        "x": 69,
        "y": 59,
        "w": 170,
        "h": 185
      },
      "sourceSize": {
        "w": 300,
        "h": 300
      }
    },
    "coin_0020": {
      "frame": {
        "x": 1223,
        "y": 0,
        "w": 150,
        "h": 185
      },
      "rotated": true,
      "trimmed": true,
      "spriteSourceSize": {
        "x": 89,
        "y": 59,
        "w": 150,
        "h": 185
      },
      "sourceSize": {
        "w": 300,
        "h": 300
      }
    },
    "coin_0019": {
      "frame": {
        "x": 1021,
        "y": 138,
        "w": 148,
        "h": 185
      },
      "rotated": true,
      "trimmed": true,
      "spriteSourceSize": {
        "x": 75,
        "y": 59,
        "w": 148,
        "h": 185
      },
      "sourceSize": {
        "w": 300,
        "h": 300
      }
    },
    "effectSpin_36": {
      "frame": {
        "x": 814,
        "y": 282,
        "w": 180,
        "h": 173
      },
      "rotated": false,
      "trimmed": true,
      "spriteSourceSize": {
        "x": 1,
        "y": 12,
        "w": 180,
        "h": 173
      },
      "sourceSize": {
        "w": 335,
        "h": 347
      }
    },
    "effectSpin_35": {
      "frame": {
        "x": 603,
        "y": 342,
        "w": 180,
        "h": 168
      },
      "rotated": false,
      "trimmed": true,
      "spriteSourceSize": {
        "x": 0,
        "y": 13,
        "w": 180,
        "h": 168
      },
      "sourceSize": {
        "w": 335,
        "h": 347
      }
    },
    "effectSpin_33": {
      "frame": {
        "x": 388,
        "y": 378,
        "w": 172,
        "h": 156
      },
      "rotated": false,
      "trimmed": true,
      "spriteSourceSize": {
        "x": 1,
        "y": 15,
        "w": 172,
        "h": 156
      },
      "sourceSize": {
        "w": 335,
        "h": 347
      }
    },
    "effectSpin_32": {
      "frame": {
        "x": 185,
        "y": 480,
        "w": 168,
        "h": 150
      },
      "rotated": false,
      "trimmed": true,
      "spriteSourceSize": {
        "x": 1,
        "y": 16,
        "w": 168,
        "h": 150
      },
      "sourceSize": {
        "w": 335,
        "h": 347
      }
    },
    "effectSpin_30": {
      "frame": {
        "x": 0,
        "y": 556,
        "w": 159,
        "h": 140
      },
      "rotated": false,
      "trimmed": true,
      "spriteSourceSize": {
        "x": 1,
        "y": 18,
        "w": 159,
        "h": 140
      },
      "sourceSize": {
        "w": 335,
        "h": 347
      }
    },
    "goldenGlow": {
      "frame": {
        "x": 1408,
        "y": 0,
        "w": 154,
        "h": 158
      },
      "rotated": true,
      "trimmed": true,
      "spriteSourceSize": {
        "x": 5,
        "y": 3,
        "w": 154,
        "h": 158
      },
      "sourceSize": {
        "w": 169,
        "h": 169
      }
    },
    "whiteGlow": {
      "frame": {
        "x": 1206,
        "y": 150,
        "w": 154,
        "h": 158
      },
      "rotated": true,
      "trimmed": true,
      "spriteSourceSize": {
        "x": 5,
        "y": 3,
        "w": 154,
        "h": 158
      },
      "sourceSize": {
        "w": 169,
        "h": 169
      }
    },
    "effectSpin_29": {
      "frame": {
        "x": 994,
        "y": 286,
        "w": 154,
        "h": 134
      },
      "rotated": false,
      "trimmed": true,
      "spriteSourceSize": {
        "x": 1,
        "y": 19,
        "w": 154,
        "h": 134
      },
      "sourceSize": {
        "w": 335,
        "h": 347
      }
    },
    "freeSpinsSplashPawnsShadow2": {
      "frame": {
        "x": 1566,
        "y": 0,
        "w": 152,
        "h": 130
      },
      "rotated": false,
      "trimmed": true,
      "spriteSourceSize": {
        "x": -2,
        "y": -2,
        "w": 152,
        "h": 130
      },
      "sourceSize": {
        "w": 148,
        "h": 126
      }
    },
    "tile9King": {
      "frame": {
        "x": 1718,
        "y": 0,
        "w": 134,
        "h": 151
      },
      "rotated": true,
      "trimmed": true,
      "spriteSourceSize": {
        "x": -2,
        "y": -2,
        "w": 134,
        "h": 151
      },
      "sourceSize": {
        "w": 130,
        "h": 147
      }
    },
    "freeSpinsSplashPawnsShadow1": {
      "frame": {
        "x": 1566,
        "y": 130,
        "w": 150,
        "h": 118
      },
      "rotated": false,
      "trimmed": true,
      "spriteSourceSize": {
        "x": -2,
        "y": -2,
        "w": 150,
        "h": 118
      },
      "sourceSize": {
        "w": 146,
        "h": 114
      }
    },
    "effectSpin_28": {
      "frame": {
        "x": 1869,
        "y": 0,
        "w": 148,
        "h": 128
      },
      "rotated": false,
      "trimmed": true,
      "spriteSourceSize": {
        "x": 3,
        "y": 21,
        "w": 148,
        "h": 128
      },
      "sourceSize": {
        "w": 335,
        "h": 347
      }
    },
    "fsShines_0007": {
      "frame": {
        "x": 1869,
        "y": 128,
        "w": 78,
        "h": 147
      },
      "rotated": true,
      "trimmed": true,
      "spriteSourceSize": {
        "x": 50,
        "y": 59,
        "w": 78,
        "h": 147
      },
      "sourceSize": {
        "w": 300,
        "h": 300
      }
    },
    "tile9Glow": {
      "frame": {
        "x": 1716,
        "y": 134,
        "w": 134,
        "h": 115
      },
      "rotated": false,
      "trimmed": true,
      "spriteSourceSize": {
        "x": -2,
        "y": -2,
        "w": 134,
        "h": 115
      },
      "sourceSize": {
        "w": 130,
        "h": 111
      }
    },
    "winLineGlowTile5": {
      "frame": {
        "x": 1850,
        "y": 206,
        "w": 133,
        "h": 123
      },
      "rotated": false,
      "trimmed": true,
      "spriteSourceSize": {
        "x": -2,
        "y": -2,
        "w": 133,
        "h": 123
      },
      "sourceSize": {
        "w": 129,
        "h": 119
      }
    },
    "throbber2": {
      "frame": {
        "x": 1364,
        "y": 154,
        "w": 132,
        "h": 132
      },
      "rotated": false,
      "trimmed": true,
      "spriteSourceSize": {
        "x": -2,
        "y": -2,
        "w": 132,
        "h": 132
      },
      "sourceSize": {
        "w": 128,
        "h": 128
      }
    },
    "winLinesGlowShine": {
      "frame": {
        "x": 1496,
        "y": 248,
        "w": 131,
        "h": 127
      },
      "rotated": false,
      "trimmed": true,
      "spriteSourceSize": {
        "x": 26,
        "y": 20,
        "w": 131,
        "h": 127
      },
      "sourceSize": {
        "w": 183,
        "h": 169
      }
    },
    "fsShines_0026": {
      "frame": {
        "x": 1627,
        "y": 248,
        "w": 73,
        "h": 93
      },
      "rotated": false,
      "trimmed": true,
      "spriteSourceSize": {
        "x": 194,
        "y": 80,
        "w": 73,
        "h": 93
      },
      "sourceSize": {
        "w": 300,
        "h": 300
      }
    },
    "slotSpecialBlink": {
      "frame": {
        "x": 1364,
        "y": 286,
        "w": 85,
        "h": 85
      },
      "rotated": false,
      "trimmed": true,
      "spriteSourceSize": {
        "x": -2,
        "y": -2,
        "w": 85,
        "h": 85
      },
      "sourceSize": {
        "w": 81,
        "h": 81
      }
    },
    "fsShines_0003": {
      "frame": {
        "x": 1700,
        "y": 249,
        "w": 77,
        "h": 80
      },
      "rotated": true,
      "trimmed": true,
      "spriteSourceSize": {
        "x": 33,
        "y": 79,
        "w": 77,
        "h": 80
      },
      "sourceSize": {
        "w": 300,
        "h": 300
      }
    },
    "fsShines_0027": {
      "frame": {
        "x": 1700,
        "y": 326,
        "w": 76,
        "h": 79
      },
      "rotated": true,
      "trimmed": true,
      "spriteSourceSize": {
        "x": 193,
        "y": 87,
        "w": 76,
        "h": 79
      },
      "sourceSize": {
        "w": 300,
        "h": 300
      }
    }
  },
  "meta": {
    "app": "PixiAnimate",
    "scale": 1,
    "image": "main_core_default_atlas_4.png?c=fb3e244939",
    "size": {
      "w": 2048,
      "h": 1024
    }
  }
}