{
  "frames": {
    "tile15BigHead": {
      "frame": {
        "x": 0,
        "y": 0,
        "w": 158,
        "h": 165
      },
      "rotated": false,
      "trimmed": true,
      "spriteSourceSize": {
        "x": -2,
        "y": -2,
        "w": 158,
        "h": 165
      },
      "sourceSize": {
        "w": 154,
        "h": 161
      }
    },
    "tile17BigChin": {
      "frame": {
        "x": 0,
        "y": 165,
        "w": 98,
        "h": 125
      },
      "rotated": false,
      "trimmed": true,
      "spriteSourceSize": {
        "x": -2,
        "y": -2,
        "w": 98,
        "h": 125
      },
      "sourceSize": {
        "w": 94,
        "h": 121
      }
    }
  },
  "meta": {
    "app": "PixiAnimate",
    "scale": 1,
    "image": "loader_core_60_80_atlas_0.png?c=d2f212c02c",
    "size": {
      "w": 256,
      "h": 512
    }
  }
}