{
  "frames": {
    "fxSmokeBIgLoop_00054": {
      "frame": {
        "x": 0,
        "y": 0,
        "w": 661,
        "h": 475
      },
      "rotated": false,
      "trimmed": true,
      "spriteSourceSize": {
        "x": 15,
        "y": -2,
        "w": 661,
        "h": 475
      },
      "sourceSize": {
        "w": 701,
        "h": 474
      }
    },
    "fxSmokeBIgLoop_00051": {
      "frame": {
        "x": 661,
        "y": 0,
        "w": 657,
        "h": 475
      },
      "rotated": false,
      "trimmed": true,
      "spriteSourceSize": {
        "x": 15,
        "y": -1,
        "w": 657,
        "h": 475
      },
      "sourceSize": {
        "w": 701,
        "h": 474
      }
    },
    "tile18BigBody": {
      "frame": {
        "x": 1318,
        "y": 0,
        "w": 598,
        "h": 320
      },
      "rotated": false,
      "trimmed": true,
      "spriteSourceSize": {
        "x": -2,
        "y": -2,
        "w": 598,
        "h": 320
      },
      "sourceSize": {
        "w": 594,
        "h": 316
      }
    },
    "splashSmokeS": {
      "frame": {
        "x": 1318,
        "y": 320,
        "w": 584,
        "h": 379
      },
      "rotated": false,
      "trimmed": true,
      "spriteSourceSize": {
        "x": -2,
        "y": -2,
        "w": 584,
        "h": 379
      },
      "sourceSize": {
        "w": 580,
        "h": 375
      }
    },
    "featureSpecialSmoke": {
      "frame": {
        "x": 0,
        "y": 475,
        "w": 445,
        "h": 563
      },
      "rotated": true,
      "trimmed": true,
      "spriteSourceSize": {
        "x": -2,
        "y": -2,
        "w": 445,
        "h": 563
      },
      "sourceSize": {
        "w": 441,
        "h": 559
      }
    },
    "wheelFireGlow": {
      "frame": {
        "x": 563,
        "y": 475,
        "w": 553,
        "h": 541
      },
      "rotated": false,
      "trimmed": true,
      "spriteSourceSize": {
        "x": -2,
        "y": -2,
        "w": 553,
        "h": 541
      },
      "sourceSize": {
        "w": 549,
        "h": 537
      }
    }
  },
  "meta": {
    "app": "PixiAnimate",
    "scale": 1,
    "image": "loader_core_default_atlas_2.png?c=bcce0206cb",
    "size": {
      "w": 2048,
      "h": 1024
    }
  }
}