{
  "frames": {
    "bigWinSumShadow": {
      "frame": {
        "x": 0,
        "y": 0,
        "w": 1294,
        "h": 522
      },
      "rotated": false,
      "trimmed": true,
      "spriteSourceSize": {
        "x": -2,
        "y": -2,
        "w": 1294,
        "h": 522
      },
      "sourceSize": {
        "w": 1290,
        "h": 518
      }
    },
    "bigWinSmokeS": {
      "frame": {
        "x": 1294,
        "y": 0,
        "w": 833,
        "h": 538
      },
      "rotated": true,
      "trimmed": true,
      "spriteSourceSize": {
        "x": -2,
        "y": -2,
        "w": 833,
        "h": 538
      },
      "sourceSize": {
        "w": 829,
        "h": 534
      }
    },
    "fxSmokeBIgLoop_00042": {
      "frame": {
        "x": 0,
        "y": 833,
        "w": 689,
        "h": 477
      },
      "rotated": true,
      "trimmed": true,
      "spriteSourceSize": {
        "x": 14,
        "y": -2,
        "w": 689,
        "h": 477
      },
      "sourceSize": {
        "w": 701,
        "h": 474
      }
    },
    "fxSmokeBIgLoop_00048": {
      "frame": {
        "x": 0,
        "y": 1522,
        "w": 687,
        "h": 476
      },
      "rotated": false,
      "trimmed": true,
      "spriteSourceSize": {
        "x": 16,
        "y": -2,
        "w": 687,
        "h": 476
      },
      "sourceSize": {
        "w": 701,
        "h": 474
      }
    },
    "fxSmokeBIgLoop_00045": {
      "frame": {
        "x": 477,
        "y": 833,
        "w": 687,
        "h": 475
      },
      "rotated": true,
      "trimmed": true,
      "spriteSourceSize": {
        "x": 16,
        "y": -2,
        "w": 687,
        "h": 475
      },
      "sourceSize": {
        "w": 701,
        "h": 474
      }
    },
    "fxSmokeBIgLoop_00039": {
      "frame": {
        "x": 687,
        "y": 1520,
        "w": 685,
        "h": 477
      },
      "rotated": false,
      "trimmed": true,
      "spriteSourceSize": {
        "x": 14,
        "y": -2,
        "w": 685,
        "h": 477
      },
      "sourceSize": {
        "w": 701,
        "h": 474
      }
    },
    "fxSmokeBIgLoop_00036": {
      "frame": {
        "x": 952,
        "y": 833,
        "w": 683,
        "h": 478
      },
      "rotated": true,
      "trimmed": true,
      "spriteSourceSize": {
        "x": 15,
        "y": -2,
        "w": 683,
        "h": 478
      },
      "sourceSize": {
        "w": 701,
        "h": 474
      }
    },
    "fxSmokeBIgLoop_00033": {
      "frame": {
        "x": 1430,
        "y": 833,
        "w": 682,
        "h": 478
      },
      "rotated": true,
      "trimmed": true,
      "spriteSourceSize": {
        "x": 15,
        "y": -2,
        "w": 682,
        "h": 478
      },
      "sourceSize": {
        "w": 701,
        "h": 474
      }
    },
    "fxSmokeBIgLoop_00009": {
      "frame": {
        "x": 1372,
        "y": 1516,
        "w": 672,
        "h": 467
      },
      "rotated": false,
      "trimmed": true,
      "spriteSourceSize": {
        "x": 14,
        "y": 7,
        "w": 672,
        "h": 467
      },
      "sourceSize": {
        "w": 701,
        "h": 474
      }
    },
    "tile18BigArm": {
      "frame": {
        "x": 1832,
        "y": 0,
        "w": 171,
        "h": 429
      },
      "rotated": false,
      "trimmed": true,
      "spriteSourceSize": {
        "x": -2,
        "y": -2,
        "w": 171,
        "h": 429
      },
      "sourceSize": {
        "w": 167,
        "h": 425
      }
    },
    "sceneSlotSpecialLighter2": {
      "frame": {
        "x": 1832,
        "y": 429,
        "w": 355,
        "h": 196
      },
      "rotated": true,
      "trimmed": true,
      "spriteSourceSize": {
        "x": -2,
        "y": -2,
        "w": 355,
        "h": 196
      },
      "sourceSize": {
        "w": 351,
        "h": 192
      }
    },
    "tile14BigHandL": {
      "frame": {
        "x": 1908,
        "y": 784,
        "w": 328,
        "h": 92
      },
      "rotated": true,
      "trimmed": true,
      "spriteSourceSize": {
        "x": -2,
        "y": -2,
        "w": 328,
        "h": 92
      },
      "sourceSize": {
        "w": 324,
        "h": 88
      }
    },
    "tile14BigBody": {
      "frame": {
        "x": 0,
        "y": 522,
        "w": 327,
        "h": 262
      },
      "rotated": false,
      "trimmed": true,
      "spriteSourceSize": {
        "x": -2,
        "y": -2,
        "w": 327,
        "h": 262
      },
      "sourceSize": {
        "w": 323,
        "h": 258
      }
    },
    "tile14BigHandLShadow": {
      "frame": {
        "x": 1908,
        "y": 1112,
        "w": 324,
        "h": 66
      },
      "rotated": true,
      "trimmed": true,
      "spriteSourceSize": {
        "x": -2,
        "y": -2,
        "w": 324,
        "h": 66
      },
      "sourceSize": {
        "w": 320,
        "h": 62
      }
    },
    "tile17BigFace": {
      "frame": {
        "x": 327,
        "y": 522,
        "w": 159,
        "h": 240
      },
      "rotated": false,
      "trimmed": true,
      "spriteSourceSize": {
        "x": -2,
        "y": -2,
        "w": 159,
        "h": 240
      },
      "sourceSize": {
        "w": 155,
        "h": 236
      }
    },
    "tile14BigHead": {
      "frame": {
        "x": 486,
        "y": 522,
        "w": 161,
        "h": 227
      },
      "rotated": false,
      "trimmed": true,
      "spriteSourceSize": {
        "x": -2,
        "y": -2,
        "w": 161,
        "h": 227
      },
      "sourceSize": {
        "w": 157,
        "h": 223
      }
    },
    "tile14BigHandRShadow": {
      "frame": {
        "x": 1372,
        "y": 1983,
        "w": 57,
        "h": 205
      },
      "rotated": true,
      "trimmed": true,
      "spriteSourceSize": {
        "x": -2,
        "y": -2,
        "w": 57,
        "h": 205
      },
      "sourceSize": {
        "w": 53,
        "h": 201
      }
    },
    "tile14BigHandR": {
      "frame": {
        "x": 486,
        "y": 749,
        "w": 78,
        "h": 203
      },
      "rotated": true,
      "trimmed": true,
      "spriteSourceSize": {
        "x": -2,
        "y": -2,
        "w": 78,
        "h": 203
      },
      "sourceSize": {
        "w": 74,
        "h": 199
      }
    },
    "tile16BigGlassesFront": {
      "frame": {
        "x": 1577,
        "y": 1983,
        "w": 170,
        "h": 59
      },
      "rotated": false,
      "trimmed": true,
      "spriteSourceSize": {
        "x": -2,
        "y": -2,
        "w": 170,
        "h": 59
      },
      "sourceSize": {
        "w": 166,
        "h": 55
      }
    },
    "tile18BigSmokingMouth": {
      "frame": {
        "x": 647,
        "y": 522,
        "w": 102,
        "h": 165
      },
      "rotated": false,
      "trimmed": true,
      "spriteSourceSize": {
        "x": -2,
        "y": -2,
        "w": 102,
        "h": 165
      },
      "sourceSize": {
        "w": 98,
        "h": 161
      }
    },
    "tile15BigHatShadow": {
      "frame": {
        "x": 327,
        "y": 762,
        "w": 158,
        "h": 52
      },
      "rotated": false,
      "trimmed": true,
      "spriteSourceSize": {
        "x": -2,
        "y": -2,
        "w": 158,
        "h": 52
      },
      "sourceSize": {
        "w": 154,
        "h": 48
      }
    },
    "paytable1PaleteGlow1": {
      "frame": {
        "x": 689,
        "y": 687,
        "w": 151,
        "h": 141
      },
      "rotated": false,
      "trimmed": true,
      "spriteSourceSize": {
        "x": -2,
        "y": -2,
        "w": 151,
        "h": 141
      },
      "sourceSize": {
        "w": 147,
        "h": 137
      }
    },
    "logoPlateShine": {
      "frame": {
        "x": 1747,
        "y": 1983,
        "w": 56,
        "h": 139
      },
      "rotated": true,
      "trimmed": true,
      "spriteSourceSize": {
        "x": -2,
        "y": -2,
        "w": 56,
        "h": 139
      },
      "sourceSize": {
        "w": 52,
        "h": 135
      }
    },
    "paytablePaleteGlowUp": {
      "frame": {
        "x": 749,
        "y": 522,
        "w": 131,
        "h": 124
      },
      "rotated": true,
      "trimmed": true,
      "spriteSourceSize": {
        "x": -2,
        "y": -2,
        "w": 131,
        "h": 124
      },
      "sourceSize": {
        "w": 127,
        "h": 120
      }
    },
    "tile17BigHairUp": {
      "frame": {
        "x": 1908,
        "y": 1436,
        "w": 131,
        "h": 71
      },
      "rotated": false,
      "trimmed": true,
      "spriteSourceSize": {
        "x": -2,
        "y": -2,
        "w": 131,
        "h": 71
      },
      "sourceSize": {
        "w": 127,
        "h": 67
      }
    },
    "tile17BigHairRight": {
      "frame": {
        "x": 1886,
        "y": 1983,
        "w": 59,
        "h": 111
      },
      "rotated": true,
      "trimmed": true,
      "spriteSourceSize": {
        "x": -2,
        "y": -2,
        "w": 59,
        "h": 111
      },
      "sourceSize": {
        "w": 55,
        "h": 107
      }
    },
    "tile17BigHairLeft": {
      "frame": {
        "x": 1974,
        "y": 1112,
        "w": 54,
        "h": 110
      },
      "rotated": false,
      "trimmed": true,
      "spriteSourceSize": {
        "x": -2,
        "y": -2,
        "w": 54,
        "h": 110
      },
      "sourceSize": {
        "w": 50,
        "h": 106
      }
    },
    "tile18BigEyebrowR": {
      "frame": {
        "x": 749,
        "y": 653,
        "w": 95,
        "h": 32
      },
      "rotated": false,
      "trimmed": true,
      "spriteSourceSize": {
        "x": -2,
        "y": -2,
        "w": 95,
        "h": 32
      },
      "sourceSize": {
        "w": 91,
        "h": 28
      }
    },
    "tile18BigNose": {
      "frame": {
        "x": 1974,
        "y": 1222,
        "w": 64,
        "h": 85
      },
      "rotated": false,
      "trimmed": true,
      "spriteSourceSize": {
        "x": -2,
        "y": -2,
        "w": 64,
        "h": 85
      },
      "sourceSize": {
        "w": 60,
        "h": 81
      }
    },
    "tile16BigCigarSmoke": {
      "frame": {
        "x": 1974,
        "y": 1307,
        "w": 62,
        "h": 81
      },
      "rotated": false,
      "trimmed": true,
      "spriteSourceSize": {
        "x": -2,
        "y": -2,
        "w": 62,
        "h": 81
      },
      "sourceSize": {
        "w": 58,
        "h": 77
      }
    },
    "tile17BigMouth": {
      "frame": {
        "x": 1832,
        "y": 784,
        "w": 74,
        "h": 35
      },
      "rotated": false,
      "trimmed": true,
      "spriteSourceSize": {
        "x": -2,
        "y": -2,
        "w": 74,
        "h": 35
      },
      "sourceSize": {
        "w": 70,
        "h": 31
      }
    },
    "tile17BigEarLeft": {
      "frame": {
        "x": 2000,
        "y": 784,
        "w": 44,
        "h": 73
      },
      "rotated": false,
      "trimmed": true,
      "spriteSourceSize": {
        "x": -2,
        "y": -2,
        "w": 44,
        "h": 73
      },
      "sourceSize": {
        "w": 40,
        "h": 69
      }
    },
    "tile17BigEarRight": {
      "frame": {
        "x": 2003,
        "y": 0,
        "w": 35,
        "h": 73
      },
      "rotated": false,
      "trimmed": true,
      "spriteSourceSize": {
        "x": -2,
        "y": -2,
        "w": 35,
        "h": 73
      },
      "sourceSize": {
        "w": 31,
        "h": 69
      }
    },
    "tile16BigEyebrowR": {
      "frame": {
        "x": 2003,
        "y": 73,
        "w": 67,
        "h": 39
      },
      "rotated": true,
      "trimmed": true,
      "spriteSourceSize": {
        "x": -2,
        "y": -2,
        "w": 67,
        "h": 39
      },
      "sourceSize": {
        "w": 63,
        "h": 35
      }
    },
    "tile14BigMustache": {
      "frame": {
        "x": 1974,
        "y": 1388,
        "w": 64,
        "h": 24
      },
      "rotated": false,
      "trimmed": true,
      "spriteSourceSize": {
        "x": -2,
        "y": -2,
        "w": 64,
        "h": 24
      },
      "sourceSize": {
        "w": 60,
        "h": 20
      }
    },
    "tile18BigEyebrowL": {
      "frame": {
        "x": 0,
        "y": 1998,
        "w": 63,
        "h": 45
      },
      "rotated": false,
      "trimmed": true,
      "spriteSourceSize": {
        "x": -2,
        "y": -2,
        "w": 63,
        "h": 45
      },
      "sourceSize": {
        "w": 59,
        "h": 41
      }
    },
    "tile17BigNose": {
      "frame": {
        "x": 840,
        "y": 685,
        "w": 51,
        "h": 62
      },
      "rotated": false,
      "trimmed": true,
      "spriteSourceSize": {
        "x": -2,
        "y": -2,
        "w": 51,
        "h": 62
      },
      "sourceSize": {
        "w": 47,
        "h": 58
      }
    },
    "tile14BigMouth": {
      "frame": {
        "x": 1997,
        "y": 1983,
        "w": 59,
        "h": 28
      },
      "rotated": true,
      "trimmed": true,
      "spriteSourceSize": {
        "x": -2,
        "y": -2,
        "w": 59,
        "h": 28
      },
      "sourceSize": {
        "w": 55,
        "h": 24
      }
    },
    "tile16BigEyebrowL": {
      "frame": {
        "x": 2003,
        "y": 140,
        "w": 54,
        "h": 38
      },
      "rotated": true,
      "trimmed": true,
      "spriteSourceSize": {
        "x": -2,
        "y": -2,
        "w": 54,
        "h": 38
      },
      "sourceSize": {
        "w": 50,
        "h": 34
      }
    },
    "tile17BigEyebrowL": {
      "frame": {
        "x": 844,
        "y": 653,
        "w": 54,
        "h": 30
      },
      "rotated": false,
      "trimmed": true,
      "spriteSourceSize": {
        "x": -2,
        "y": -2,
        "w": 54,
        "h": 30
      },
      "sourceSize": {
        "w": 50,
        "h": 26
      }
    },
    "tile18BigEyeClosedR": {
      "frame": {
        "x": 2003,
        "y": 194,
        "w": 51,
        "h": 33
      },
      "rotated": true,
      "trimmed": true,
      "spriteSourceSize": {
        "x": -2,
        "y": -2,
        "w": 51,
        "h": 33
      },
      "sourceSize": {
        "w": 47,
        "h": 29
      }
    },
    "tile17BigEyebrowR": {
      "frame": {
        "x": 2003,
        "y": 245,
        "w": 51,
        "h": 32
      },
      "rotated": true,
      "trimmed": true,
      "spriteSourceSize": {
        "x": -2,
        "y": -2,
        "w": 51,
        "h": 32
      },
      "sourceSize": {
        "w": 47,
        "h": 28
      }
    },
    "tile18BigEyeRightLidDown": {
      "frame": {
        "x": 0,
        "y": 784,
        "w": 49,
        "h": 20
      },
      "rotated": true,
      "trimmed": true,
      "spriteSourceSize": {
        "x": -2,
        "y": -2,
        "w": 49,
        "h": 20
      },
      "sourceSize": {
        "w": 45,
        "h": 16
      }
    },
    "paytable1PlateShine": {
      "frame": {
        "x": 2025,
        "y": 1983,
        "w": 49,
        "h": 19
      },
      "rotated": true,
      "trimmed": true,
      "spriteSourceSize": {
        "x": -2,
        "y": -2,
        "w": 49,
        "h": 19
      },
      "sourceSize": {
        "w": 45,
        "h": 15
      }
    },
    "tile14BigEyebrowL": {
      "frame": {
        "x": 20,
        "y": 784,
        "w": 48,
        "h": 22
      },
      "rotated": true,
      "trimmed": true,
      "spriteSourceSize": {
        "x": -2,
        "y": -2,
        "w": 48,
        "h": 22
      },
      "sourceSize": {
        "w": 44,
        "h": 18
      }
    },
    "tile14BigEyebrowR": {
      "frame": {
        "x": 42,
        "y": 814,
        "w": 48,
        "h": 18
      },
      "rotated": false,
      "trimmed": true,
      "spriteSourceSize": {
        "x": -2,
        "y": -2,
        "w": 48,
        "h": 18
      },
      "sourceSize": {
        "w": 44,
        "h": 14
      }
    },
    "tile18BigEyeRightLidUp": {
      "frame": {
        "x": 2028,
        "y": 857,
        "w": 48,
        "h": 15
      },
      "rotated": true,
      "trimmed": true,
      "spriteSourceSize": {
        "x": -2,
        "y": -2,
        "w": 48,
        "h": 15
      },
      "sourceSize": {
        "w": 44,
        "h": 11
      }
    },
    "bigWinBlink2": {
      "frame": {
        "x": 63,
        "y": 1998,
        "w": 44,
        "h": 46
      },
      "rotated": false,
      "trimmed": true,
      "spriteSourceSize": {
        "x": -2,
        "y": -2,
        "w": 44,
        "h": 46
      },
      "sourceSize": {
        "w": 40,
        "h": 42
      }
    },
    "tile16BigCigarShadow": {
      "frame": {
        "x": 1974,
        "y": 1412,
        "w": 24,
        "h": 46
      },
      "rotated": true,
      "trimmed": true,
      "spriteSourceSize": {
        "x": -2,
        "y": -2,
        "w": 24,
        "h": 46
      },
      "sourceSize": {
        "w": 20,
        "h": 42
      }
    },
    "tile14BigEyeClosedR": {
      "frame": {
        "x": 107,
        "y": 1998,
        "w": 45,
        "h": 26
      },
      "rotated": true,
      "trimmed": true,
      "spriteSourceSize": {
        "x": -2,
        "y": -2,
        "w": 45,
        "h": 26
      },
      "sourceSize": {
        "w": 41,
        "h": 22
      }
    },
    "tile16BigCigar": {
      "frame": {
        "x": 133,
        "y": 1998,
        "w": 22,
        "h": 45
      },
      "rotated": false,
      "trimmed": true,
      "spriteSourceSize": {
        "x": -2,
        "y": -2,
        "w": 22,
        "h": 45
      },
      "sourceSize": {
        "w": 18,
        "h": 41
      }
    },
    "tile15BigStick": {
      "frame": {
        "x": 155,
        "y": 1998,
        "w": 45,
        "h": 17
      },
      "rotated": true,
      "trimmed": true,
      "spriteSourceSize": {
        "x": -2,
        "y": -2,
        "w": 45,
        "h": 17
      },
      "sourceSize": {
        "w": 41,
        "h": 13
      }
    },
    "tile17BigEyeClosedR": {
      "frame": {
        "x": 2003,
        "y": 296,
        "w": 41,
        "h": 28
      },
      "rotated": false,
      "trimmed": true,
      "spriteSourceSize": {
        "x": -2,
        "y": -2,
        "w": 41,
        "h": 28
      },
      "sourceSize": {
        "w": 37,
        "h": 24
      }
    },
    "tile15BigEyeClosedL": {
      "frame": {
        "x": 42,
        "y": 784,
        "w": 40,
        "h": 30
      },
      "rotated": false,
      "trimmed": true,
      "spriteSourceSize": {
        "x": -2,
        "y": -2,
        "w": 40,
        "h": 30
      },
      "sourceSize": {
        "w": 36,
        "h": 26
      }
    },
    "tile15BigEyeClosedR": {
      "frame": {
        "x": 2003,
        "y": 324,
        "w": 40,
        "h": 25
      },
      "rotated": false,
      "trimmed": true,
      "spriteSourceSize": {
        "x": -2,
        "y": -2,
        "w": 40,
        "h": 25
      },
      "sourceSize": {
        "w": 36,
        "h": 21
      }
    },
    "tile17BigEyelidRightUp": {
      "frame": {
        "x": 2003,
        "y": 349,
        "w": 40,
        "h": 24
      },
      "rotated": false,
      "trimmed": true,
      "spriteSourceSize": {
        "x": -2,
        "y": -2,
        "w": 40,
        "h": 24
      },
      "sourceSize": {
        "w": 36,
        "h": 20
      }
    },
    "tile14BigEyeClosedL": {
      "frame": {
        "x": 2000,
        "y": 857,
        "w": 39,
        "h": 27
      },
      "rotated": true,
      "trimmed": true,
      "spriteSourceSize": {
        "x": -2,
        "y": -2,
        "w": 39,
        "h": 27
      },
      "sourceSize": {
        "w": 35,
        "h": 23
      }
    },
    "tile17BigEyelidRightDown": {
      "frame": {
        "x": 2003,
        "y": 373,
        "w": 39,
        "h": 20
      },
      "rotated": false,
      "trimmed": true,
      "spriteSourceSize": {
        "x": -2,
        "y": -2,
        "w": 39,
        "h": 20
      },
      "sourceSize": {
        "w": 35,
        "h": 16
      }
    },
    "tile17BigEyeClosedL": {
      "frame": {
        "x": 2000,
        "y": 896,
        "w": 38,
        "h": 28
      },
      "rotated": true,
      "trimmed": true,
      "spriteSourceSize": {
        "x": -2,
        "y": -2,
        "w": 38,
        "h": 28
      },
      "sourceSize": {
        "w": 34,
        "h": 24
      }
    },
    "tile18BigEyeballR": {
      "frame": {
        "x": 90,
        "y": 814,
        "w": 38,
        "h": 17
      },
      "rotated": false,
      "trimmed": true,
      "spriteSourceSize": {
        "x": -2,
        "y": -2,
        "w": 38,
        "h": 17
      },
      "sourceSize": {
        "w": 34,
        "h": 13
      }
    },
    "tile16BigEyeClosedR": {
      "frame": {
        "x": 2003,
        "y": 393,
        "w": 37,
        "h": 34
      },
      "rotated": false,
      "trimmed": true,
      "spriteSourceSize": {
        "x": -2,
        "y": -2,
        "w": 37,
        "h": 34
      },
      "sourceSize": {
        "w": 33,
        "h": 30
      }
    },
    "tile17BigEyelidLeftUp": {
      "frame": {
        "x": 128,
        "y": 814,
        "w": 37,
        "h": 18
      },
      "rotated": false,
      "trimmed": true,
      "spriteSourceSize": {
        "x": -2,
        "y": -2,
        "w": 37,
        "h": 18
      },
      "sourceSize": {
        "w": 33,
        "h": 14
      }
    },
    "tile17BigEyelidLeftDown": {
      "frame": {
        "x": 165,
        "y": 814,
        "w": 36,
        "h": 18
      },
      "rotated": false,
      "trimmed": true,
      "spriteSourceSize": {
        "x": -2,
        "y": -2,
        "w": 36,
        "h": 18
      },
      "sourceSize": {
        "w": 32,
        "h": 14
      }
    },
    "tile16BigEyelidRightDown": {
      "frame": {
        "x": 82,
        "y": 784,
        "w": 35,
        "h": 24
      },
      "rotated": false,
      "trimmed": true,
      "spriteSourceSize": {
        "x": -2,
        "y": -2,
        "w": 35,
        "h": 24
      },
      "sourceSize": {
        "w": 31,
        "h": 20
      }
    },
    "tile16BigEyeballR": {
      "frame": {
        "x": 647,
        "y": 687,
        "w": 34,
        "h": 22
      },
      "rotated": false,
      "trimmed": true,
      "spriteSourceSize": {
        "x": -2,
        "y": -2,
        "w": 34,
        "h": 22
      },
      "sourceSize": {
        "w": 30,
        "h": 18
      }
    },
    "tile16BigEyelidRightUp": {
      "frame": {
        "x": 201,
        "y": 814,
        "w": 34,
        "h": 17
      },
      "rotated": false,
      "trimmed": true,
      "spriteSourceSize": {
        "x": -2,
        "y": -2,
        "w": 34,
        "h": 17
      },
      "sourceSize": {
        "w": 30,
        "h": 13
      }
    },
    "tile17BigEyeballR": {
      "frame": {
        "x": 647,
        "y": 709,
        "w": 33,
        "h": 21
      },
      "rotated": true,
      "trimmed": true,
      "spriteSourceSize": {
        "x": -2,
        "y": -2,
        "w": 33,
        "h": 21
      },
      "sourceSize": {
        "w": 29,
        "h": 17
      }
    },
    "tile18BigEyeClosedL": {
      "frame": {
        "x": 117,
        "y": 784,
        "w": 32,
        "h": 28
      },
      "rotated": false,
      "trimmed": true,
      "spriteSourceSize": {
        "x": -2,
        "y": -2,
        "w": 32,
        "h": 28
      },
      "sourceSize": {
        "w": 28,
        "h": 24
      }
    },
    "tile17BigEyeballL": {
      "frame": {
        "x": 2028,
        "y": 905,
        "w": 32,
        "h": 15
      },
      "rotated": true,
      "trimmed": true,
      "spriteSourceSize": {
        "x": -2,
        "y": -2,
        "w": 32,
        "h": 15
      },
      "sourceSize": {
        "w": 28,
        "h": 11
      }
    },
    "tile18BigEyeLeftLidUp": {
      "frame": {
        "x": 235,
        "y": 814,
        "w": 31,
        "h": 19
      },
      "rotated": false,
      "trimmed": true,
      "spriteSourceSize": {
        "x": -2,
        "y": -2,
        "w": 31,
        "h": 19
      },
      "sourceSize": {
        "w": 27,
        "h": 15
      }
    },
    "tile16BigEyeClosedL": {
      "frame": {
        "x": 149,
        "y": 784,
        "w": 30,
        "h": 28
      },
      "rotated": true,
      "trimmed": true,
      "spriteSourceSize": {
        "x": -2,
        "y": -2,
        "w": 30,
        "h": 28
      },
      "sourceSize": {
        "w": 26,
        "h": 24
      }
    },
    "tile16BigEyeballL": {
      "frame": {
        "x": 177,
        "y": 784,
        "w": 30,
        "h": 26
      },
      "rotated": true,
      "trimmed": true,
      "spriteSourceSize": {
        "x": -2,
        "y": -2,
        "w": 30,
        "h": 26
      },
      "sourceSize": {
        "w": 26,
        "h": 22
      }
    },
    "tile16BigGlassesBack": {
      "frame": {
        "x": 203,
        "y": 784,
        "w": 29,
        "h": 24
      },
      "rotated": true,
      "trimmed": true,
      "spriteSourceSize": {
        "x": -2,
        "y": -2,
        "w": 29,
        "h": 24
      },
      "sourceSize": {
        "w": 25,
        "h": 20
      }
    },
    "tile16BigEyelidLeftUp": {
      "frame": {
        "x": 227,
        "y": 784,
        "w": 29,
        "h": 23
      },
      "rotated": true,
      "trimmed": true,
      "spriteSourceSize": {
        "x": -2,
        "y": -2,
        "w": 29,
        "h": 23
      },
      "sourceSize": {
        "w": 25,
        "h": 19
      }
    },
    "tile18BigEyeLeftLidDown": {
      "frame": {
        "x": 668,
        "y": 709,
        "w": 29,
        "h": 21
      },
      "rotated": true,
      "trimmed": true,
      "spriteSourceSize": {
        "x": -2,
        "y": -2,
        "w": 29,
        "h": 21
      },
      "sourceSize": {
        "w": 25,
        "h": 17
      }
    },
    "tile16BigEyelidLeftDown": {
      "frame": {
        "x": 266,
        "y": 814,
        "w": 29,
        "h": 18
      },
      "rotated": false,
      "trimmed": true,
      "spriteSourceSize": {
        "x": -2,
        "y": -2,
        "w": 29,
        "h": 18
      },
      "sourceSize": {
        "w": 25,
        "h": 14
      }
    },
    "tile15BigStickShadow": {
      "frame": {
        "x": 2000,
        "y": 934,
        "w": 28,
        "h": 28
      },
      "rotated": false,
      "trimmed": true,
      "spriteSourceSize": {
        "x": -2,
        "y": -2,
        "w": 28,
        "h": 28
      },
      "sourceSize": {
        "w": 24,
        "h": 24
      }
    },
    "tile18BigEyeballL": {
      "frame": {
        "x": 295,
        "y": 814,
        "w": 26,
        "h": 19
      },
      "rotated": false,
      "trimmed": true,
      "spriteSourceSize": {
        "x": -2,
        "y": -2,
        "w": 26,
        "h": 19
      },
      "sourceSize": {
        "w": 22,
        "h": 15
      }
    },
    "tile16BigEyeLightR": {
      "frame": {
        "x": 2020,
        "y": 1412,
        "w": 24,
        "h": 12
      },
      "rotated": false,
      "trimmed": true,
      "spriteSourceSize": {
        "x": -2,
        "y": -2,
        "w": 24,
        "h": 12
      },
      "sourceSize": {
        "w": 20,
        "h": 8
      }
    },
    "tile16BigEyeLightL": {
      "frame": {
        "x": 1832,
        "y": 819,
        "w": 23,
        "h": 13
      },
      "rotated": false,
      "trimmed": true,
      "spriteSourceSize": {
        "x": -2,
        "y": -2,
        "w": 23,
        "h": 13
      },
      "sourceSize": {
        "w": 19,
        "h": 9
      }
    },
    "tile17BigEyeLightL": {
      "frame": {
        "x": 2036,
        "y": 1307,
        "w": 20,
        "h": 8
      },
      "rotated": true,
      "trimmed": true,
      "spriteSourceSize": {
        "x": -2,
        "y": -2,
        "w": 20,
        "h": 8
      },
      "sourceSize": {
        "w": 16,
        "h": 4
      }
    },
    "tile16BigIrisR": {
      "frame": {
        "x": 321,
        "y": 814,
        "w": 19,
        "h": 19
      },
      "rotated": false,
      "trimmed": true,
      "spriteSourceSize": {
        "x": -2,
        "y": -2,
        "w": 19,
        "h": 19
      },
      "sourceSize": {
        "w": 15,
        "h": 15
      }
    },
    "tile18BigIrisR": {
      "frame": {
        "x": 340,
        "y": 814,
        "w": 18,
        "h": 18
      },
      "rotated": false,
      "trimmed": true,
      "spriteSourceSize": {
        "x": -2,
        "y": -2,
        "w": 18,
        "h": 18
      },
      "sourceSize": {
        "w": 14,
        "h": 14
      }
    },
    "tile16BigIrisL": {
      "frame": {
        "x": 2028,
        "y": 427,
        "w": 16,
        "h": 16
      },
      "rotated": false,
      "trimmed": true,
      "spriteSourceSize": {
        "x": -2,
        "y": -2,
        "w": 16,
        "h": 16
      },
      "sourceSize": {
        "w": 12,
        "h": 12
      }
    },
    "tile18BigIrisL": {
      "frame": {
        "x": 2028,
        "y": 937,
        "w": 15,
        "h": 13
      },
      "rotated": false,
      "trimmed": true,
      "spriteSourceSize": {
        "x": -2,
        "y": -2,
        "w": 15,
        "h": 13
      },
      "sourceSize": {
        "w": 11,
        "h": 9
      }
    },
    "tile17BigEyeLightR": {
      "frame": {
        "x": 647,
        "y": 742,
        "w": 15,
        "h": 7
      },
      "rotated": false,
      "trimmed": true,
      "spriteSourceSize": {
        "x": -2,
        "y": -2,
        "w": 15,
        "h": 7
      },
      "sourceSize": {
        "w": 11,
        "h": 3
      }
    },
    "tile17BigIrisL": {
      "frame": {
        "x": 1855,
        "y": 819,
        "w": 13,
        "h": 14
      },
      "rotated": false,
      "trimmed": true,
      "spriteSourceSize": {
        "x": -2,
        "y": -2,
        "w": 13,
        "h": 14
      },
      "sourceSize": {
        "w": 9,
        "h": 10
      }
    },
    "tile17BigIrisR": {
      "frame": {
        "x": 1868,
        "y": 819,
        "w": 14,
        "h": 13
      },
      "rotated": true,
      "trimmed": true,
      "spriteSourceSize": {
        "x": -2,
        "y": -2,
        "w": 14,
        "h": 13
      },
      "sourceSize": {
        "w": 10,
        "h": 9
      }
    }
  },
  "meta": {
    "app": "PixiAnimate",
    "scale": 1,
    "image": "loader_core_default_atlas_0.png?c=2d8dd2e6c0",
    "size": {
      "w": 2048,
      "h": 2048
    }
  }
}