{
  "frames": {
    "sceneCardGlow": {
      "frame": {
        "x": 0,
        "y": 0,
        "w": 706,
        "h": 1071
      },
      "rotated": false,
      "trimmed": true,
      "spriteSourceSize": {
        "x": -2,
        "y": -2,
        "w": 706,
        "h": 1071
      },
      "sourceSize": {
        "w": 702,
        "h": 1067
      }
    }
  },
  "meta": {
    "app": "PixiAnimate",
    "scale": 1,
    "image": "loader_core_scene_atlas_0.png?c=c6dee33b1d",
    "size": {
      "w": 1024,
      "h": 2048
    }
  }
}