{
  "frames": {
    "paytable1Wild1Plate": {
      "frame": {
        "x": 0,
        "y": 0,
        "w": 401,
        "h": 174
      },
      "rotated": false,
      "trimmed": true,
      "spriteSourceSize": {
        "x": -2,
        "y": -2,
        "w": 401,
        "h": 174
      },
      "sourceSize": {
        "w": 397,
        "h": 170
      }
    }
  },
  "meta": {
    "app": "PixiAnimate",
    "scale": 1,
    "image": "loader_core_no_compression_atlas_0.png?c=fb1b95677f",
    "size": {
      "w": 512,
      "h": 256
    }
  }
}