{
  "frames": {
    "sceneSpecialFlags5": {
      "frame": {
        "x": 0,
        "y": 0,
        "w": 1991,
        "h": 451
      },
      "rotated": false,
      "trimmed": true,
      "spriteSourceSize": {
        "x": -2,
        "y": -2,
        "w": 1991,
        "h": 451
      },
      "sourceSize": {
        "w": 1987,
        "h": 447
      }
    },
    "freeSpinsSplashLightLeft": {
      "frame": {
        "x": 0,
        "y": 451,
        "w": 882,
        "h": 1778
      },
      "rotated": true,
      "trimmed": true,
      "spriteSourceSize": {
        "x": -2,
        "y": -2,
        "w": 882,
        "h": 1778
      },
      "sourceSize": {
        "w": 878,
        "h": 1774
      }
    },
    "sceneSpecialFlags3": {
      "frame": {
        "x": 1778,
        "y": 451,
        "w": 1531,
        "h": 255
      },
      "rotated": true,
      "trimmed": true,
      "spriteSourceSize": {
        "x": -2,
        "y": -2,
        "w": 1531,
        "h": 255
      },
      "sourceSize": {
        "w": 1527,
        "h": 251
      }
    },
    "sceneSlotFade": {
      "frame": {
        "x": 0,
        "y": 1333,
        "w": 136,
        "h": 1504
      },
      "rotated": true,
      "trimmed": true,
      "spriteSourceSize": {
        "x": -2,
        "y": -2,
        "w": 136,
        "h": 1504
      },
      "sourceSize": {
        "w": 132,
        "h": 1500
      }
    },
    "bigLogoPlate": {
      "frame": {
        "x": 0,
        "y": 1469,
        "w": 1498,
        "h": 575
      },
      "rotated": false,
      "trimmed": true,
      "spriteSourceSize": {
        "x": -2,
        "y": -2,
        "w": 1498,
        "h": 575
      },
      "sourceSize": {
        "w": 1494,
        "h": 571
      }
    },
    "sceneSpecialFlags1": {
      "frame": {
        "x": 1504,
        "y": 1333,
        "w": 662,
        "h": 185
      },
      "rotated": true,
      "trimmed": true,
      "spriteSourceSize": {
        "x": -2,
        "y": -2,
        "w": 662,
        "h": 185
      },
      "sourceSize": {
        "w": 658,
        "h": 181
      }
    },
    "sceneSpecialHook6": {
      "frame": {
        "x": 1689,
        "y": 1333,
        "w": 63,
        "h": 442
      },
      "rotated": false,
      "trimmed": true,
      "spriteSourceSize": {
        "x": -2,
        "y": -2,
        "w": 63,
        "h": 442
      },
      "sourceSize": {
        "w": 59,
        "h": 438
      }
    },
    "sceneSpecialHook9": {
      "frame": {
        "x": 1689,
        "y": 1775,
        "w": 84,
        "h": 194
      },
      "rotated": false,
      "trimmed": true,
      "spriteSourceSize": {
        "x": -2,
        "y": -2,
        "w": 84,
        "h": 194
      },
      "sourceSize": {
        "w": 80,
        "h": 190
      }
    },
    "sceneSpecialHook4": {
      "frame": {
        "x": 1498,
        "y": 1995,
        "w": 38,
        "h": 151
      },
      "rotated": true,
      "trimmed": true,
      "spriteSourceSize": {
        "x": -2,
        "y": -2,
        "w": 38,
        "h": 151
      },
      "sourceSize": {
        "w": 34,
        "h": 147
      }
    },
    "sceneSpecialHook7": {
      "frame": {
        "x": 1649,
        "y": 1995,
        "w": 38,
        "h": 133
      },
      "rotated": true,
      "trimmed": true,
      "spriteSourceSize": {
        "x": -2,
        "y": -2,
        "w": 38,
        "h": 133
      },
      "sourceSize": {
        "w": 34,
        "h": 129
      }
    },
    "whiteShine1": {
      "frame": {
        "x": 1752,
        "y": 1333,
        "w": 126,
        "h": 16
      },
      "rotated": true,
      "trimmed": true,
      "spriteSourceSize": {
        "x": 1,
        "y": -1,
        "w": 126,
        "h": 16
      },
      "sourceSize": {
        "w": 132,
        "h": 14
      }
    },
    "megaWinChBrowR": {
      "frame": {
        "x": 1782,
        "y": 1982,
        "w": 112,
        "h": 62
      },
      "rotated": false,
      "trimmed": true,
      "spriteSourceSize": {
        "x": -2,
        "y": -2,
        "w": 112,
        "h": 62
      },
      "sourceSize": {
        "w": 108,
        "h": 58
      }
    },
    "sceneSpecialHook1": {
      "frame": {
        "x": 1752,
        "y": 1459,
        "w": 23,
        "h": 97
      },
      "rotated": false,
      "trimmed": true,
      "spriteSourceSize": {
        "x": -2,
        "y": -2,
        "w": 23,
        "h": 97
      },
      "sourceSize": {
        "w": 19,
        "h": 93
      }
    },
    "sceneSpecialHook3": {
      "frame": {
        "x": 1689,
        "y": 1969,
        "w": 24,
        "h": 74
      },
      "rotated": true,
      "trimmed": true,
      "spriteSourceSize": {
        "x": -2,
        "y": -2,
        "w": 24,
        "h": 74
      },
      "sourceSize": {
        "w": 20,
        "h": 70
      }
    },
    "megaWinChBrowL": {
      "frame": {
        "x": 1894,
        "y": 1982,
        "w": 70,
        "h": 54
      },
      "rotated": false,
      "trimmed": true,
      "spriteSourceSize": {
        "x": -2,
        "y": -2,
        "w": 70,
        "h": 54
      },
      "sourceSize": {
        "w": 66,
        "h": 50
      }
    },
    "sceneSlotDividerSingle": {
      "frame": {
        "x": 1991,
        "y": 0,
        "w": 45,
        "h": 46
      },
      "rotated": true,
      "trimmed": true,
      "spriteSourceSize": {
        "x": -2,
        "y": -2,
        "w": 45,
        "h": 46
      },
      "sourceSize": {
        "w": 41,
        "h": 42
      }
    },
    "megaWinChIrisR": {
      "frame": {
        "x": 1991,
        "y": 45,
        "w": 31,
        "h": 44
      },
      "rotated": true,
      "trimmed": true,
      "spriteSourceSize": {
        "x": -2,
        "y": -2,
        "w": 31,
        "h": 44
      },
      "sourceSize": {
        "w": 27,
        "h": 40
      }
    },
    "megaWinChIrisL": {
      "frame": {
        "x": 1991,
        "y": 76,
        "w": 32,
        "h": 42
      },
      "rotated": true,
      "trimmed": true,
      "spriteSourceSize": {
        "x": -2,
        "y": -2,
        "w": 32,
        "h": 42
      },
      "sourceSize": {
        "w": 28,
        "h": 38
      }
    },
    "tile12FishFin": {
      "frame": {
        "x": 1991,
        "y": 108,
        "w": 37,
        "h": 32
      },
      "rotated": false,
      "trimmed": true,
      "spriteSourceSize": {
        "x": -2,
        "y": -2,
        "w": 37,
        "h": 32
      },
      "sourceSize": {
        "w": 33,
        "h": 28
      }
    }
  },
  "meta": {
    "app": "PixiAnimate",
    "scale": 1,
    "image": "loader_core_default_atlas_0.png?c=9224326c6f",
    "size": {
      "w": 2048,
      "h": 2048
    }
  }
}