{
  "frames": {
    "sceneWaterSmall": {
      "frame": {
        "x": 0,
        "y": 0,
        "w": 1992,
        "h": 186
      },
      "rotated": false,
      "trimmed": true,
      "spriteSourceSize": {
        "x": 4,
        "y": -2,
        "w": 1992,
        "h": 186
      },
      "sourceSize": {
        "w": 2000,
        "h": 182
      }
    },
    "slotLine": {
      "frame": {
        "x": 0,
        "y": 186,
        "w": 1454,
        "h": 188
      },
      "rotated": true,
      "trimmed": true,
      "spriteSourceSize": {
        "x": -2,
        "y": -2,
        "w": 1454,
        "h": 188
      },
      "sourceSize": {
        "w": 1450,
        "h": 184
      }
    },
    "tile16FishBlue": {
      "frame": {
        "x": 0,
        "y": 1640,
        "w": 667,
        "h": 274
      },
      "rotated": false,
      "trimmed": true,
      "spriteSourceSize": {
        "x": 0,
        "y": 2,
        "w": 667,
        "h": 274
      },
      "sourceSize": {
        "w": 669,
        "h": 278
      }
    },
    "tile14FishBlue": {
      "frame": {
        "x": 667,
        "y": 186,
        "w": 422,
        "h": 270
      },
      "rotated": false,
      "trimmed": true,
      "spriteSourceSize": {
        "x": 1,
        "y": 1,
        "w": 422,
        "h": 270
      },
      "sourceSize": {
        "w": 425,
        "h": 273
      }
    },
    "tile12FishBlue": {
      "frame": {
        "x": 188,
        "y": 186,
        "w": 226,
        "h": 199
      },
      "rotated": false,
      "trimmed": true,
      "spriteSourceSize": {
        "x": 1,
        "y": 1,
        "w": 226,
        "h": 199
      },
      "sourceSize": {
        "w": 229,
        "h": 202
      }
    }
  },
  "meta": {
    "app": "PixiAnimate",
    "scale": 1,
    "image": "loader_core_90_100_atlas_0.png?c=34be8ced40",
    "size": {
      "w": 2048,
      "h": 2048
    }
  }
}