{
  "frames": {
    "totalWin": {
      "frame": {
        "x": 0,
        "y": 0,
        "w": 917,
        "h": 135
      },
      "rotated": false,
      "trimmed": true,
      "spriteSourceSize": {
        "x": 48,
        "y": 31,
        "w": 917,
        "h": 135
      },
      "sourceSize": {
        "w": 1014,
        "h": 197
      }
    },
    "megaWin": {
      "frame": {
        "x": 917,
        "y": 0,
        "w": 857,
        "h": 138
      },
      "rotated": false,
      "trimmed": true,
      "spriteSourceSize": {
        "x": 78,
        "y": 28,
        "w": 857,
        "h": 138
      },
      "sourceSize": {
        "w": 1014,
        "h": 197
      }
    },
    "bigLogoTxt": {
      "frame": {
        "x": 1774,
        "y": 0,
        "w": 547,
        "h": 197
      },
      "rotated": true,
      "trimmed": true,
      "spriteSourceSize": {
        "x": 126,
        "y": -2,
        "w": 547,
        "h": 197
      },
      "sourceSize": {
        "w": 800,
        "h": 210
      }
    },
    "tile100Text": {
      "frame": {
        "x": 1971,
        "y": 0,
        "w": 194,
        "h": 36
      },
      "rotated": true,
      "trimmed": true,
      "spriteSourceSize": {
        "x": 5,
        "y": 2,
        "w": 194,
        "h": 36
      },
      "sourceSize": {
        "w": 203,
        "h": 39
      }
    },
    "tile10Txt": {
      "frame": {
        "x": 1971,
        "y": 194,
        "w": 141,
        "h": 47
      },
      "rotated": true,
      "trimmed": true,
      "spriteSourceSize": {
        "x": 4,
        "y": 7,
        "w": 141,
        "h": 47
      },
      "sourceSize": {
        "w": 148,
        "h": 60
      }
    }
  },
  "meta": {
    "app": "PixiAnimate",
    "scale": 1,
    "image": "main_yellow_atlas_0.png?c=98ed3d39ee",
    "size": {
      "w": 2048,
      "h": 1024
    }
  }
}