{
  "frames": {
    "bigWin": {
      "frame": {
        "x": 0,
        "y": 0,
        "w": 641,
        "h": 135
      },
      "rotated": false,
      "trimmed": true,
      "spriteSourceSize": {
        "x": 186,
        "y": 31,
        "w": 641,
        "h": 135
      },
      "sourceSize": {
        "w": 1014,
        "h": 197
      }
    }
  },
  "meta": {
    "app": "PixiAnimate",
    "scale": 1,
    "image": "main_blue_atlas_0.png?c=0de176e3cc",
    "size": {
      "w": 1024,
      "h": 256
    }
  }
}