{
  "frames": {
    "superWin": {
      "frame": {
        "x": 0,
        "y": 0,
        "w": 953,
        "h": 136
      },
      "rotated": false,
      "trimmed": true,
      "spriteSourceSize": {
        "x": 30,
        "y": 30,
        "w": 953,
        "h": 136
      },
      "sourceSize": {
        "w": 1014,
        "h": 197
      }
    }
  },
  "meta": {
    "app": "PixiAnimate",
    "scale": 1,
    "image": "main_violet_atlas_0.png?c=d6a8c38077",
    "size": {
      "w": 1024,
      "h": 256
    }
  }
}